,id_feu,siniestro_fecha,siniestro_hora,zona_ocurrencia,via_publica,nombre_via,altura_km,entre_calle_1,latitud,longitud,ilesos,heridos,fallecidos,vehiculos,peatones,tipo_colision,cantidad_de_involucrados,material_de_la_calzada,estado_de_la_calzada,estado_fisico_ambiental,luminosidad,luz_artificial,estado_ambiental,visibilidad,semaforo,tipo_involucrado
232,127950,2021-11-06,14:10:00,Urbana,Calle,AREQUIMPA,3200,,,,1.0,1,0.0,2,0.0,Angulo,2,Hormigón,Apto,Seca,Día,NO,Despejado,Buena,Sin Semáforo,Automóvil
233,127950,2021-11-06,14:10:00,Urbana,Calle,AREQUIMPA,3200,,,,1.0,1,0.0,2,0.0,Angulo,2,Hormigón,Apto,Seca,Día,NO,Despejado,Buena,Sin Semáforo,Motocicleta
234,128641,2021-11-06,08:30:00,Urbana,Avenida,AV PUJOL,2200,BRASIL,,,3.0,0,0.0,2,0.0,,2,Asfalto,Apto,Seca,Día,NO,Despejado,Buena,,Automóvil
235,128641,2021-11-06,08:30:00,Urbana,Avenida,AV PUJOL,2200,BRASIL,,,3.0,0,0.0,2,0.0,,2,Asfalto,Apto,Seca,Día,NO,Despejado,Buena,,Motocicleta
236,96771,2021-11-03,18:00:00,Urbana,Avenida,MEDRANO,3000,CARTAJENAEN LA ROTONDA,-2.749.601,-5.880.042,1.0,2,0.0,2,0.0,,2,Asfalto,Apto,Seca,Atardecer,NO,Despejado,Buena,Sin Semáforo,Motocicleta
237,96771,2021-11-03,18:00:00,Urbana,Avenida,MEDRANO,3000,CARTAJENAEN LA ROTONDA,-2.749.601,-5.880.042,1.0,2,0.0,2,0.0,,2,Asfalto,Apto,Seca,Atardecer,NO,Despejado,Buena,Sin Semáforo,Automóvil
238,98271,2021-11-03,01:30:00,Urbana,Calle,J.R. VIDAL,2200,MADARIAGA,-2.748.278,-5.883.893,2.0,0,0.0,2,0.0,,2,Hormigón,Apto,Seca,Noche,SI,Despejado,Buena,Sin Semáforo,Automóvil
239,98271,2021-11-03,01:30:00,Urbana,Calle,J.R. VIDAL,2200,MADARIAGA,-2.748.278,-5.883.893,2.0,0,0.0,2,0.0,,2,Hormigón,Apto,Seca,Noche,SI,Despejado,Buena,Sin Semáforo,Motocicleta
240,106245,2021-11-02,08:40:00,Urbana,Calle,LAVALLE,3700,TACUARI,-2.748.128,-5.880.662,1.0,1,0.0,2,0.0,,2,Asfalto,Apto,Seca,Día,NO,Despejado,Buena,Sin Semáforo,Automóvil
241,106245,2021-11-02,08:40:00,Urbana,Calle,LAVALLE,3700,TACUARI,-2.748.128,-5.880.662,1.0,1,0.0,2,0.0,,2,Asfalto,Apto,Seca,Día,NO,Despejado,Buena,Sin Semáforo,Motocicleta
242,107682,2021-11-02,12:15:00,Urbana,Avenida,AV MAIPU,800,MADARIAGA,-2.748.509,-5.882.423,1.0,1,0.0,2,0.0,,2,Asfalto,Apto,Seca,Día,NO,,Buena,Sin Semáforo,Automóvil
243,107682,2021-11-02,12:15:00,Urbana,Avenida,AV MAIPU,800,MADARIAGA,-2.748.509,-5.882.423,1.0,1,0.0,2,0.0,,2,Asfalto,Apto,Seca,Día,NO,,Buena,Sin Semáforo,Motocicleta
244,119988,2021-11-01,19:05:00,Urbana,Ruta Nacional,12,1031,,-2.746.971,-5.883.236,1.0,2,0.0,2,0.0,Frontal,2,Asfalto,Apto,Seca,Día,NO,Despejado,Buena,,Motocicleta
245,119988,2021-11-01,19:05:00,Urbana,Ruta Nacional,12,1031,,-2.746.971,-5.883.236,1.0,2,0.0,2,0.0,Frontal,2,Asfalto,Apto,Seca,Día,NO,Despejado,Buena,,Motocicleta
246,128319,2021-11-01,08:10:00,Urbana,Calle,,,RIZZUTO,,,1.0,1,0.0,2,0.0,,2,Asfalto,Apto,Seca,Día,NO,Despejado,Buena,,Automóvil
247,128319,2021-11-01,08:10:00,Urbana,Calle,,,RIZZUTO,,,1.0,1,0.0,2,0.0,,2,Asfalto,Apto,Seca,Día,NO,Despejado,Buena,,Motocicleta
248,109643,2021-11-01,10:39:00,Urbana,Avenida,AV GOBERNADOR RUIZ,2400,VELEZ SAERSFIELD,-2.746.683,-5.881.986,1.0,1,0.0,1,0.0,,1,Asfalto,Apto,Seca,Día,NO,Despejado,Buena,Sin Semáforo,Motocicleta
249,132612,2021-10-31,13:00:00,Urbana,Avenida,AV. PRESIDENTE NICOLAS AVELLANEDA,3900,LAS PIEDRAS,,,1.0,1,0.0,2,0.0,,2,Asfalto,Apto,Seca,Día,NO,Despejado,Buena,,Motocicleta
250,132612,2021-10-31,13:00:00,Urbana,Avenida,AV. PRESIDENTE NICOLAS AVELLANEDA,3900,LAS PIEDRAS,,,1.0,1,0.0,2,0.0,,2,Asfalto,Apto,Seca,Día,NO,Despejado,Buena,,Motocicleta
251,119975,2021-10-30,08:00:00,Urbana,Avenida,AV ARTIGAS,,BOLIVAR,,,2.0,0,0.0,2,0.0,,2,Asfalto,Apto,Seca,Día,NO,Despejado,Buena,Sin Semáforo,Automóvil
252,119975,2021-10-30,08:00:00,Urbana,Avenida,AV ARTIGAS,,BOLIVAR,,,2.0,0,0.0,2,0.0,,2,Asfalto,Apto,Seca,Día,NO,Despejado,Buena,Sin Semáforo,Automóvil
253,123443,2021-10-30,13:10:00,Urbana,Avenida,AV. 3 DE ABRIL,1598,SANTA FE,,,2.0,0,0.0,2,0.0,Lateral,2,Asfalto,Apto,Seca,Día,NO,Despejado,Buena,Funciona,Automóvil
254,123443,2021-10-30,13:10:00,Urbana,Avenida,AV. 3 DE ABRIL,1598,SANTA FE,,,2.0,0,0.0,2,0.0,Lateral,2,Asfalto,Apto,Seca,Día,NO,Despejado,Buena,Funciona,Transporte de carga
255,131707,2021-10-30,13:30:00,Urbana,Calle,ESPAÑA,,RIVADAVIA,,,3.0,0,0.0,2,0.0,,2,Hormigón,Apto,,Día,NO,Despejado,Buena,,Automóvil
256,131707,2021-10-30,13:30:00,Urbana,Calle,ESPAÑA,,RIVADAVIA,,,3.0,0,0.0,2,0.0,,2,Hormigón,Apto,,Día,NO,Despejado,Buena,,Motocicleta
257,121559,2021-10-30,11:00:00,Urbana,Avenida,AV INDEPENDENCIA,,LAS PIEDRAS,,,1.0,0,1.0,2,0.0,,2,Asfalto,Apto,Mojada,Día,NO,Lluvia,Lluvia,Funciona,Motocicleta
258,121559,2021-10-30,11:00:00,Urbana,Avenida,AV INDEPENDENCIA,,LAS PIEDRAS,,,1.0,0,1.0,2,0.0,,2,Asfalto,Apto,Mojada,Día,NO,Lluvia,Lluvia,Funciona,Transporte de carga
259,129559,2021-10-29,15:30:00,Urbana,Calle,AV AYACUCHO,2400,,,,1.0,1,0.0,2,0.0,,2,Asfalto,Apto,Seca,Día,NO,Despejado,Buena,,Camioneta/Utilitario
260,129559,2021-10-29,15:30:00,Urbana,Calle,AV AYACUCHO,2400,,,,1.0,1,0.0,2,0.0,,2,Asfalto,Apto,Seca,Día,NO,Despejado,Buena,,Motocicleta
261,119980,2021-10-29,10:10:00,Urbana,Calle,TACUARI,2300,HAWAI,,,2.0,0,0.0,2,0.0,,2,Asfalto,Apto,Seca,Día,NO,Despejado,Buena,Sin Semáforo,Automóvil
262,119980,2021-10-29,10:10:00,Urbana,Calle,TACUARI,2300,HAWAI,,,2.0,0,0.0,2,0.0,,2,Asfalto,Apto,Seca,Día,NO,Despejado,Buena,Sin Semáforo,Motocicleta
263,124192,2021-10-29,11:37:00,Urbana,Avenida,Av Teniente Ibañez,500,Alberdi,-2.747.487,-5.884.430,2.0,0,0.0,2,0.0,,2,,Apto,Seca,Día,NO,Despejado,Buena,,Transporte de carga
264,124192,2021-10-29,11:37:00,Urbana,Avenida,Av Teniente Ibañez,500,Alberdi,-2.747.487,-5.884.430,2.0,0,0.0,2,0.0,,2,,Apto,Seca,Día,NO,Despejado,Buena,,Camioneta/Utilitario
265,128320,2021-10-29,09:40:00,Urbana,Ruta Nacional,12,1030,,,,0.0,1,0.0,1,0.0,,1,Asfalto,Apto,Seca,Día,,Despejado,Buena,,Motocicleta
266,106212,2021-10-28,13:30:00,Urbana,Calle,PLACIDO MARTINEZ,367,,-2.746.190,-5.883.652,1.0,1,0.0,2,0.0,,2,Asfalto,Apto,Seca,Día,NO,Despejado,Buena,Sin Semáforo,Motocicleta
267,106212,2021-10-28,13:30:00,Urbana,Calle,PLACIDO MARTINEZ,367,,-2.746.190,-5.883.652,1.0,1,0.0,2,0.0,,2,Asfalto,Apto,Seca,Día,NO,Despejado,Buena,Sin Semáforo,Automóvil
268,119978,2021-10-28,12:15:00,Urbana,Calle,PARAGUAY,700,,,,3.0,0,0.0,3,0.0,,3,Asfalto,Apto,Seca,Día,NO,Despejado,Buena,,Automóvil
269,119978,2021-10-28,12:15:00,Urbana,Calle,PARAGUAY,700,,,,3.0,0,0.0,3,0.0,,3,Asfalto,Apto,Seca,Día,NO,Despejado,Buena,,Automóvil
270,119978,2021-10-28,12:15:00,Urbana,Calle,PARAGUAY,700,,,,3.0,0,0.0,3,0.0,,3,Asfalto,Apto,Seca,Día,NO,Despejado,Buena,,Motocicleta
271,120713,2021-10-28,23:28:00,Urbana,Calle,TUCUMAN,500,,,,0.0,2,0.0,1,0.0,,1,Asfalto,Baches,,Noche,SI,Despejado,Buena,Sin Semáforo,Motocicleta
272,119962,2021-10-28,17:00:00,Urbana,Avenida,AV. MAIPU,4900,,,,2.0,0,0.0,2,0.0,Alcance,2,Asfalto,Apto,Seca,Día,SI,Despejado,Buena,Sin Semáforo,Automóvil
273,119962,2021-10-28,17:00:00,Urbana,Avenida,AV. MAIPU,4900,,,,2.0,0,0.0,2,0.0,Alcance,2,Asfalto,Apto,Seca,Día,SI,Despejado,Buena,Sin Semáforo,Automóvil
274,124142,2021-10-27,10:30:00,Urbana,Calle,SAN JUAN,1100,BOLIVAR,,,2.0,0,0.0,2,0.0,,2,Asfalto,Apto,Seca,Día,NO,Despejado,Buena,,Automóvil
275,124142,2021-10-27,10:30:00,Urbana,Calle,SAN JUAN,1100,BOLIVAR,,,2.0,0,0.0,2,0.0,,2,Asfalto,Apto,Seca,Día,NO,Despejado,Buena,,Camioneta/Utilitario
276,108436,2021-10-27,08:15:00,Urbana,Avenida,AV LIBERTAD,6500,RUTA 12,,,1.0,1,0.0,2,0.0,Angulo,2,Hormigón,Apto,Seca,Día,NO,Despejado,,Sin Semáforo,Automóvil
277,108436,2021-10-27,08:15:00,Urbana,Avenida,AV LIBERTAD,6500,RUTA 12,,,1.0,1,0.0,2,0.0,Angulo,2,Hormigón,Apto,Seca,Día,NO,Despejado,,Sin Semáforo,Camioneta/Utilitario
278,114278,2021-10-27,19:05:00,Urbana,Avenida,AV. GOBERNADOR RUIZ,2365,,,,2.0,1,0.0,2,0.0,Angulo,2,Asfalto,Apto,,Noche,SI,,,Sin Semáforo,Automóvil
279,114278,2021-10-27,19:05:00,Urbana,Avenida,AV. GOBERNADOR RUIZ,2365,,,,2.0,1,0.0,2,0.0,Angulo,2,Asfalto,Apto,,Noche,SI,,,Sin Semáforo,Motocicleta
280,121671,2021-10-27,10:45:00,Urbana,Semiautopista/Autovía,AUTOVIA ISLAS MALVINAS,,LILA SOTO,-2.757.037,-5.875.694,0.0,2,0.0,1,0.0,,1,Asfalto,Apto,Seca,Día,NO,Despejado,Buena,Sin Semáforo,Automóvil
281,97580,2021-10-27,16:30:00,Urbana,Avenida,AV FERRE,2100,BRASIL,-2.747.698,-5.882.509,2.0,0,0.0,2,0.0,,2,Hormigón,Apto,Seca,Día,,Despejado,Buena,Funciona,Automóvil
282,97580,2021-10-27,16:30:00,Urbana,Avenida,AV FERRE,2100,BRASIL,-2.747.698,-5.882.509,2.0,0,0.0,2,0.0,,2,Hormigón,Apto,Seca,Día,,Despejado,Buena,Funciona,Automóvil
283,107648,2021-10-27,16:20:00,Urbana,Avenida,AV MAIPU,3500,,-2.750.376,-5.881.215,0.0,1,0.0,1,0.0,,1,Asfalto,Apto,Seca,Día,NO,Despejado,Buena,Sin Semáforo,Motocicleta
284,118307,2021-10-26,10:49:00,Urbana,Avenida,AV LA PAZ,,HONDURAS,,,1.0,2,0.0,2,0.0,Angulo,2,Hormigón,Apto,Seca,Día,NO,Despejado,Buena,Sin Semáforo,Automóvil
285,118307,2021-10-26,10:49:00,Urbana,Avenida,AV LA PAZ,,HONDURAS,,,1.0,2,0.0,2,0.0,Angulo,2,Hormigón,Apto,Seca,Día,NO,Despejado,Buena,Sin Semáforo,Motocicleta
286,131002,2021-10-26,10:55:00,Urbana,Calle,CARTAGENA,,SUSSINI,,,2.0,1,0.0,2,0.0,,2,Asfalto,Apto,,Día,,Despejado,Buena,,Camioneta/Utilitario
287,131002,2021-10-26,10:55:00,Urbana,Calle,CARTAGENA,,SUSSINI,,,2.0,1,0.0,2,0.0,,2,Asfalto,Apto,,Día,,Despejado,Buena,,Motocicleta
288,106264,2021-10-26,09:25:00,Urbana,Avenida,AV INDEPENDENCIA,4400,MEDRANO,-2.748.140,-5.879.832,1.0,1,0.0,2,0.0,,2,Asfalto,Apto,Seca,Día,NO,Nublado,Buena,Funciona,Automóvil
289,106264,2021-10-26,09:25:00,Urbana,Avenida,AV INDEPENDENCIA,4400,MEDRANO,-2.748.140,-5.879.832,1.0,1,0.0,2,0.0,,2,Asfalto,Apto,Seca,Día,NO,Nublado,Buena,Funciona,Motocicleta
290,115163,2021-10-26,17:20:00,Urbana,Calle,CARTAGENA,3015,J.J.PASO,-2.749.265,-5.881.354,0.0,3,0.0,2,0.0,Angulo,2,Hormigón,Apto,Seca,Día,NO,Despejado,Buena,Sin Semáforo,Motocicleta
291,115163,2021-10-26,17:20:00,Urbana,Calle,CARTAGENA,3015,J.J.PASO,-2.749.265,-5.881.354,0.0,3,0.0,2,0.0,Angulo,2,Hormigón,Apto,Seca,Día,NO,Despejado,Buena,Sin Semáforo,Motocicleta
292,105520,2021-10-26,00:25:00,Urbana,Calle,MENDOZA,2200,MADARIAGA,-2.748.301,-5.883.746,2.0,0,0.0,2,0.0,,2,Asfalto,Apto,Seca,Noche,SI,Despejado,Buena,Sin Semáforo,Automóvil
293,105520,2021-10-26,00:25:00,Urbana,Calle,MENDOZA,2200,MADARIAGA,-2.748.301,-5.883.746,2.0,0,0.0,2,0.0,,2,Asfalto,Apto,Seca,Noche,SI,Despejado,Buena,Sin Semáforo,Automóvil
294,130978,2021-10-26,20:10:00,Urbana,Calle,SAN MARTIN,,BRASIL,-2.747.104,-5.882.432,2.0,1,0.0,2,0.0,,2,Asfalto,Apto,,Día,NO,Despejado,Buena,,Automóvil
295,130978,2021-10-26,20:10:00,Urbana,Calle,SAN MARTIN,,BRASIL,-2.747.104,-5.882.432,2.0,1,0.0,2,0.0,,2,Asfalto,Apto,,Día,NO,Despejado,Buena,,Motocicleta
296,119983,2021-10-25,11:23:00,Urbana,Avenida,AV. INDEPENDENCIA,5200,SANCHEZ BUSTAMANTE,,,3.0,0,0.0,2,0.0,,2,Asfalto,Apto,Seca,Día,NO,Despejado,Buena,Funciona,Automóvil
297,119983,2021-10-25,11:23:00,Urbana,Avenida,AV. INDEPENDENCIA,5200,SANCHEZ BUSTAMANTE,,,3.0,0,0.0,2,0.0,,2,Asfalto,Apto,Seca,Día,NO,Despejado,Buena,Funciona,Motocicleta
298,124908,2021-10-25,13:50:00,Urbana,Avenida,AV. 3 DE ABRIL,,TUCUMAN,,,1.0,1,0.0,2,0.0,Angulo,2,Hormigón,Apto,Seca,Día,NO,Despejado,Buena,Funciona,Automóvil
299,124908,2021-10-25,13:50:00,Urbana,Avenida,AV. 3 DE ABRIL,,TUCUMAN,,,1.0,1,0.0,2,0.0,Angulo,2,Hormigón,Apto,Seca,Día,NO,Despejado,Buena,Funciona,Motocicleta
300,95915,2021-10-25,09:10:00,Urbana,Calle,TUCUMAN,1400,MORENO,-2.747.277,-5.884.206,1.0,1,0.0,2,0.0,,2,Asfalto,Apto,Seca,Día,NO,Despejado,Buena,Sin Semáforo,Automóvil
301,95915,2021-10-25,09:10:00,Urbana,Calle,TUCUMAN,1400,MORENO,-2.747.277,-5.884.206,1.0,1,0.0,2,0.0,,2,Asfalto,Apto,Seca,Día,NO,Despejado,Buena,Sin Semáforo,Motocicleta
302,108435,2021-10-25,05:30:00,Urbana,Avenida,AV PUJOL,1200,BAIBIENE,,,1.0,1,0.0,2,0.0,Frontal,2,Asfalto,Apto,Mojada,Amanecer,SI,Lluvia,Lluvia,Intermitente,Motocicleta
303,108435,2021-10-25,05:30:00,Urbana,Avenida,AV PUJOL,1200,BAIBIENE,,,1.0,1,0.0,2,0.0,Frontal,2,Asfalto,Apto,Mojada,Amanecer,SI,Lluvia,Lluvia,Intermitente,Transporte de pasajeros
304,131706,2021-10-25,13:20:00,Urbana,Calle,GUAYQUIRARÓ,3400,,-2.751.217,-5.880.225,1.0,1,0.0,2,0.0,Angulo,2,Hormigón,Apto,,Día,NO,Despejado,Buena,,Automóvil
305,131706,2021-10-25,13:20:00,Urbana,Calle,GUAYQUIRARÓ,3400,,-2.751.217,-5.880.225,1.0,1,0.0,2,0.0,Angulo,2,Hormigón,Apto,,Día,NO,Despejado,Buena,,Motocicleta
306,122922,2021-10-25,17:50:00,Urbana,Avenida,Av. Cartagena,3800,Calle 166,-2.749.274,-5.880.745,1.0,2,0.0,2,0.0,,2,Asfalto,Apto,,Día,NO,Despejado,Buena,,Motocicleta
307,122922,2021-10-25,17:50:00,Urbana,Avenida,Av. Cartagena,3800,Calle 166,-2.749.274,-5.880.745,1.0,2,0.0,2,0.0,,2,Asfalto,Apto,,Día,NO,Despejado,Buena,,Motocicleta
308,93050,2021-10-25,11:00:00,Urbana,Avenida,AV C.CORRENTINO,4000,RESOAGLI,-2.748.693,-5.880.469,1.0,1,0.0,2,0.0,Lateral,2,Asfalto,Apto,Seca,Día,,,Buena,Sin Semáforo,Automóvil
309,93050,2021-10-25,11:00:00,Urbana,Avenida,AV C.CORRENTINO,4000,RESOAGLI,-2.748.693,-5.880.469,1.0,1,0.0,2,0.0,Lateral,2,Asfalto,Apto,Seca,Día,,,Buena,Sin Semáforo,Motocicleta
310,108439,2021-10-23,20:30:00,Urbana,Calle,CHACABUCO,2500,VIRASORO,,,2.0,0,0.0,2,0.0,,2,Asfalto,Apto,Seca,Noche,SI,Despejado,Buena,Sin Semáforo,Motocicleta
311,108439,2021-10-23,20:30:00,Urbana,Calle,CHACABUCO,2500,VIRASORO,,,2.0,0,0.0,2,0.0,,2,Asfalto,Apto,Seca,Noche,SI,Despejado,Buena,Sin Semáforo,Motocicleta
312,119136,2021-10-23,07:20:00,Urbana,Avenida,AV. MAIPU,800,AUSTRALIA,,,1.0,1,0.0,2,0.0,,2,Asfalto,Apto,,Día,NO,Despejado,Buena,,Motocicleta
313,119136,2021-10-23,07:20:00,Urbana,Avenida,AV. MAIPU,800,AUSTRALIA,,,1.0,1,0.0,2,0.0,,2,Asfalto,Apto,,Día,NO,Despejado,Buena,,Transporte de carga
314,108373,2021-10-23,10:33:00,Urbana,Calle,BELGRANO,2100,PERU,-4.000.000,-6.100.000,2.0,0,0.0,2,0.0,,2,Asfalto,Apto,Seca,Día,NO,Despejado,Buena,Sin Semáforo,Transporte de carga
315,108373,2021-10-23,10:33:00,Urbana,Calle,BELGRANO,2100,PERU,-4.000.000,-6.100.000,2.0,0,0.0,2,0.0,,2,Asfalto,Apto,Seca,Día,NO,Despejado,Buena,Sin Semáforo,Automóvil
316,109641,2021-10-23,15:36:00,Urbana,Avenida,AV. MAIPU,5500,RUTA 12,-2.752.974,-5.876.647,1.0,1,0.0,1,1.0,,2,,Apto,Seca,Día,NO,Despejado,Buena,Sin Semáforo,Motocicleta
317,109641,2021-10-23,15:36:00,Urbana,Avenida,AV. MAIPU,5500,RUTA 12,-2.752.974,-5.876.647,1.0,1,0.0,1,1.0,,2,,Apto,Seca,Día,NO,Despejado,Buena,Sin Semáforo,Peatón
318,120714,2021-10-22,09:40:00,Urbana,Calle,LIBERTAD,,LAPRIDA,,,0.0,2,0.0,1,1.0,,2,Asfalto,Apto,Seca,Día,NO,Despejado,,Funciona,Motocicleta
319,120714,2021-10-22,09:40:00,Urbana,Calle,LIBERTAD,,LAPRIDA,,,0.0,2,0.0,1,1.0,,2,Asfalto,Apto,Seca,Día,NO,Despejado,,Funciona,Peatón
320,107649,2021-10-22,03:10:00,Urbana,Avenida,AV C. CORRENTINO,3135,,-2.748.706,-5.881.432,1.0,0,0.0,1,0.0,Alcance,1,Asfalto,Apto,Seca,Noche,NO,Despejado,,Sin Semáforo,Automóvil
321,107647,2021-10-22,18:00:00,Urbana,Avenida,AV MAIPU,5800,RUTA 12,-2.753.038,-5.876.196,2.0,0,0.0,1,0.0,,1,Asfalto,Apto,Seca,Día,NO,Despejado,Buena,Sin Semáforo,Motocicleta
322,108371,2021-10-22,20:15:00,Urbana,Avenida,AV PAISANDU,3200,CALINGASTO,,,1.0,1,0.0,2,0.0,Angulo,2,Asfalto,Apto,Seca,Día,SI,Despejado,Buena,Sin Semáforo,Automóvil
323,108371,2021-10-22,20:15:00,Urbana,Avenida,AV PAISANDU,3200,CALINGASTO,,,1.0,1,0.0,2,0.0,Angulo,2,Asfalto,Apto,Seca,Día,SI,Despejado,Buena,Sin Semáforo,Motocicleta
324,91687,2021-10-21,10:40:00,Urbana,Avenida,AV LIBERTAD,6100,RUTA NACIONAL Nº 12,-2.746.133,-5.876.810,2.0,0,0.0,2,0.0,,2,Asfalto,Apto,Seca,Día,NO,Despejado,Buena,Sin Semáforo,Automóvil
325,91687,2021-10-21,10:40:00,Urbana,Avenida,AV LIBERTAD,6100,RUTA NACIONAL Nº 12,-2.746.133,-5.876.810,2.0,0,0.0,2,0.0,,2,Asfalto,Apto,Seca,Día,NO,Despejado,Buena,Sin Semáforo,Transporte de carga
326,122854,2021-10-21,07:35:00,Urbana,Avenida,Gdor Conte,2200,Av. Tte Ibañez,-2.751.558,-5.875.626,2.0,1,0.0,2,0.0,,2,Asfalto,Apto,Seca,Día,NO,Despejado,Buena,,Motocicleta
327,122854,2021-10-21,07:35:00,Urbana,Avenida,Gdor Conte,2200,Av. Tte Ibañez,-2.751.558,-5.875.626,2.0,1,0.0,2,0.0,,2,Asfalto,Apto,Seca,Día,NO,Despejado,Buena,,Motocicleta
328,119114,2021-10-21,11:15:00,Urbana,Avenida,AV. RAUL ALFONSIN,4300,RIO JURAMENTO,,,1.0,0,0.0,1,0.0,,1,Hormigón,Apto,Seca,Día,NO,Despejado,Buena,Sin Semáforo,Motocicleta
329,130979,2021-10-20,08:00:00,Urbana,Calle,ROLON,2037,,-2.746.215,-5.881.233,1.0,1,0.0,2,0.0,,2,Asfalto,Apto,Seca,Día,NO,Despejado,Buena,,Motocicleta
330,130979,2021-10-20,08:00:00,Urbana,Calle,ROLON,2037,,-2.746.215,-5.881.233,1.0,1,0.0,2,0.0,,2,Asfalto,Apto,Seca,Día,NO,Despejado,Buena,,Motocicleta
331,108446,2021-10-20,08:10:00,Urbana,Avenida,AV MAIPU,1700,VALENTIN ACINA,,,0.0,1,0.0,1,0.0,,1,Hormigón,Apto,Seca,Día,NO,Despejado,Buena,Intermitente,Motocicleta
332,112215,2021-10-20,08:49:00,Urbana,Ruta Nacional,12,1040,,-2.744.552,-5.874.690,1.0,1,0.0,2,0.0,,2,Asfalto,Apto,Seca,Día,NO,Despejado,,Sin Semáforo,Motocicleta
333,112215,2021-10-20,08:49:00,Urbana,Ruta Nacional,12,1040,,-2.744.552,-5.874.690,1.0,1,0.0,2,0.0,,2,Asfalto,Apto,Seca,Día,NO,Despejado,,Sin Semáforo,Camioneta/Utilitario
334,108916,2021-10-20,07:40:00,Urbana,Avenida,AV ARMENIA,4790,ONTIVEROS,-2.746.692,-5.879.058,1.0,1,0.0,2,0.0,Angulo,2,Asfalto,Apto,Seca,Amanecer,SI,Otro,Buena,Funciona,Automóvil
335,108916,2021-10-20,07:40:00,Urbana,Avenida,AV ARMENIA,4790,ONTIVEROS,-2.746.692,-5.879.058,1.0,1,0.0,2,0.0,Angulo,2,Asfalto,Apto,Seca,Amanecer,SI,Otro,Buena,Funciona,Motocicleta
336,96780,2021-10-19,01:05:00,Urbana,Calle,BELGRANO,300,CHACO,-2.747.125,-5.884.712,1.0,1,0.0,2,0.0,Angulo,2,Asfalto,Apto,Mojada,Noche,SI,Lluvia,Lluvia,Sin Semáforo,Transporte de carga
337,96780,2021-10-19,01:05:00,Urbana,Calle,BELGRANO,300,CHACO,-2.747.125,-5.884.712,1.0,1,0.0,2,0.0,Angulo,2,Asfalto,Apto,Mojada,Noche,SI,Lluvia,Lluvia,Sin Semáforo,Motocicleta
338,124393,2021-10-19,18:55:00,Urbana,Avenida,AV. MAIPU,,HONDURAS (MADARIAGA),,,2.0,2,0.0,2,0.0,Lateral,2,Asfalto,Apto,Mojada,Atardecer,NO,Despejado,Buena,Sin Semáforo,Automóvil
339,124393,2021-10-19,18:55:00,Urbana,Avenida,AV. MAIPU,,HONDURAS (MADARIAGA),,,2.0,2,0.0,2,0.0,Lateral,2,Asfalto,Apto,Mojada,Atardecer,NO,Despejado,Buena,Sin Semáforo,Motocicleta
340,108412,2021-10-18,20:30:00,Urbana,Avenida,AV. R.R.ALFONSIN,3800,TACUARI,,,2.0,0,0.0,2,0.0,Angulo,2,Asfalto,Apto,Seca,Noche,NO,Despejado,Buena,Sin Semáforo,Automóvil
341,108412,2021-10-18,20:30:00,Urbana,Avenida,AV. R.R.ALFONSIN,3800,TACUARI,,,2.0,0,0.0,2,0.0,Angulo,2,Asfalto,Apto,Seca,Noche,NO,Despejado,Buena,Sin Semáforo,Motocicleta
342,107990,2021-10-17,10:15:00,Urbana,Avenida,AV MAIPU,1500,ASUNCION,-2.749.420,-5.881.785,1.0,1,0.0,2,0.0,,2,Asfalto,Apto,Seca,Día,NO,Despejado,Buena,Funciona,Motocicleta
343,107990,2021-10-17,10:15:00,Urbana,Avenida,AV MAIPU,1500,ASUNCION,-2.749.420,-5.881.785,1.0,1,0.0,2,0.0,,2,Asfalto,Apto,Seca,Día,NO,Despejado,Buena,Funciona,Motocicleta
344,108347,2021-10-17,16:16:00,Urbana,Avenida,AV 3 DE ABRIL,1300,CORDOBA,-2.747.572,-5.883.535,0.0,2,0.0,2,0.0,,2,Asfalto,Apto,Seca,Día,NO,Despejado,Buena,Funciona,Automóvil
345,108347,2021-10-17,16:16:00,Urbana,Avenida,AV 3 DE ABRIL,1300,CORDOBA,-2.747.572,-5.883.535,0.0,2,0.0,2,0.0,,2,Asfalto,Apto,Seca,Día,NO,Despejado,Buena,Funciona,Automóvil
346,119913,2021-10-16,22:30:00,,,IGARZABAL,4900,LELOIR,,,1.0,1,0.0,2,0.0,Angulo,2,Asfalto,Apto,Seca,Noche,SI,Despejado,,,Automóvil
347,119913,2021-10-16,22:30:00,,,IGARZABAL,4900,LELOIR,,,1.0,1,0.0,2,0.0,Angulo,2,Asfalto,Apto,Seca,Noche,SI,Despejado,,,Motocicleta