,id_feu,siniestro_fecha,siniestro_hora,zona_ocurrencia,via_publica,nombre_via,altura_km,entre_calle_1,latitud,longitud,ilesos,heridos,fallecidos,vehiculos,peatones,tipo_colision,cantidad_de_involucrados,material_de_la_calzada,estado_de_la_calzada,estado_fisico_ambiental,luminosidad,luz_artificial,estado_ambiental,visibilidad,semaforo,tipo_involucrado
576,118312,2021-08-30,10:15:00,Urbana,Avenida,AV. FERRE,1600,,,,2.0,0,0.0,2,0.0,,2,Asfalto,Apto,Seca,Día,NO,Despejado,Buena,,Motocicleta
577,95206,2021-08-30,09:10:00,Urbana,Calle,PADRE BORGATTI,1300,,-2.747.087,-5.885.099,1.0,1,0.0,2,0.0,,2,Asfalto,Apto,Seca,Día,NO,Despejado,Buena,Sin Semáforo,Automóvil
578,95206,2021-08-30,09:10:00,Urbana,Calle,PADRE BORGATTI,1300,,-2.747.087,-5.885.099,1.0,1,0.0,2,0.0,,2,Asfalto,Apto,Seca,Día,NO,Despejado,Buena,Sin Semáforo,Motocicleta
579,122985,2021-08-30,18:20:00,Urbana,Avenida,Cosquin,1700,Av Sarmiento,-2.749.173,-5.878.516,1.0,1,0.0,2,0.0,,2,Asfalto,Apto,Seca,Día,NO,Despejado,Buena,Sin Semáforo,Motocicleta
580,122985,2021-08-30,18:20:00,Urbana,Avenida,Cosquin,1700,Av Sarmiento,-2.749.173,-5.878.516,1.0,1,0.0,2,0.0,,2,Asfalto,Apto,Seca,Día,NO,Despejado,Buena,Sin Semáforo,Automóvil
581,119984,2021-08-29,16:00:00,Urbana,Calle,PIO 12,2099,LAMADRID,,,1.0,1,0.0,2,0.0,Angulo,2,Asfalto,Apto,Seca,Día,NO,Despejado,Buena,Sin Semáforo,Automóvil
582,119984,2021-08-29,16:00:00,Urbana,Calle,PIO 12,2099,LAMADRID,,,1.0,1,0.0,2,0.0,Angulo,2,Asfalto,Apto,Seca,Día,NO,Despejado,Buena,Sin Semáforo,Motocicleta
583,120743,2021-08-29,14:20:00,Urbana,Calle,LAS PIEDRAS,,RIO DE JANEIRO,,,1.0,1,0.0,2,0.0,Angulo,2,Asfalto,Apto,Seca,Día,NO,Despejado,Buena,Sin Semáforo,Motocicleta
584,120743,2021-08-29,14:20:00,Urbana,Calle,LAS PIEDRAS,,RIO DE JANEIRO,,,1.0,1,0.0,2,0.0,Angulo,2,Asfalto,Apto,Seca,Día,NO,Despejado,Buena,Sin Semáforo,Transporte de carga
585,125023,2021-08-28,12:35:00,Urbana,Avenida,AV. INDEPENDENCIA,4800,,,,2.0,0,0.0,2,0.0,,2,Asfalto,Apto,Seca,Día,NO,Despejado,Buena,Funciona,Automóvil
586,125023,2021-08-28,12:35:00,Urbana,Avenida,AV. INDEPENDENCIA,4800,,,,2.0,0,0.0,2,0.0,,2,Asfalto,Apto,Seca,Día,NO,Despejado,Buena,Funciona,Motocicleta
587,126370,2021-08-28,06:45:00,Urbana,Ruta Provincial,5,"1,2",FRENTE A PACHECO,,,1.0,1,0.0,2,0.0,,2,Asfalto,Apto,Seca,Amanecer,NO,Despejado,Buena,,Motocicleta
588,126370,2021-08-28,06:45:00,Urbana,Ruta Provincial,5,"1,2",FRENTE A PACHECO,,,1.0,1,0.0,2,0.0,,2,Asfalto,Apto,Seca,Amanecer,NO,Despejado,Buena,,Motocicleta
589,131691,2021-08-28,19:10:00,Urbana,Avenida,INDEPENDENCIA,5500,,,,1.0,1,0.0,2,0.0,Alcance,2,Asfalto,Apto,Seca,Atardecer,SI,Despejado,Buena,,Motocicleta
590,131691,2021-08-28,19:10:00,Urbana,Avenida,INDEPENDENCIA,5500,,,,1.0,1,0.0,2,0.0,Alcance,2,Asfalto,Apto,Seca,Atardecer,SI,Despejado,Buena,,Motocicleta
591,131708,2021-08-28,10:15:00,Urbana,Avenida,AV. ARMENIA,4500,,,,2.0,0,0.0,2,0.0,,2,Hormigón,Apto,Seca,Día,NO,Despejado,Buena,,Automóvil
592,131708,2021-08-28,10:15:00,Urbana,Avenida,AV. ARMENIA,4500,,,,2.0,0,0.0,2,0.0,,2,Hormigón,Apto,Seca,Día,NO,Despejado,Buena,,Automóvil
593,115141,2021-08-28,08:00:00,Urbana,Calle,SAENZ,1500,,,,1.0,1,0.0,2,0.0,Angulo,2,Hormigón,Apto,Seca,Día,SI,,Buena,Sin Semáforo,Automóvil
594,115141,2021-08-28,08:00:00,Urbana,Calle,SAENZ,1500,,,,1.0,1,0.0,2,0.0,Angulo,2,Hormigón,Apto,Seca,Día,SI,,Buena,Sin Semáforo,Motocicleta
595,124114,2021-08-28,10:20:00,Urbana,Avenida,3 de abril,800,Buenos Aires,-2.747.488,-5.884.110,2.0,0,0.0,2,0.0,,2,Asfalto,Apto,Seca,Día,NO,Despejado,Buena,,Camioneta/Utilitario
596,124114,2021-08-28,10:20:00,Urbana,Avenida,3 de abril,800,Buenos Aires,-2.747.488,-5.884.110,2.0,0,0.0,2,0.0,,2,Asfalto,Apto,Seca,Día,NO,Despejado,Buena,,Motocicleta
597,132594,2021-08-28,09:33:00,Urbana,Avenida,CAZADORES CORRENTINOS,5058,,,,0.0,1,0.0,1,0.0,,1,Asfalto,Apto,Despejada,Día,NO,Despejado,Buena,,Motocicleta
598,95898,2021-08-27,15:40:00,Urbana,Avenida,AV. R.R.ALFONSIN,4400,,-2.747.520,-5.879.703,3.0,1,0.0,2,0.0,Angulo,2,Hormigón,Apto,Seca,Día,NO,Nublado,Buena,Sin Semáforo,Camioneta/Utilitario
599,95898,2021-08-27,15:40:00,Urbana,Avenida,AV. R.R.ALFONSIN,4400,,-2.747.520,-5.879.703,3.0,1,0.0,2,0.0,Angulo,2,Hormigón,Apto,Seca,Día,NO,Nublado,Buena,Sin Semáforo,Motocicleta
600,121660,2021-08-27,17:55:00,Urbana,Avenida,AV. SARMIENTO,1700,,,,1.0,0,0.0,2,0.0,,2,Asfalto,Apto,Seca,Día,NO,Despejado,Buena,Sin Semáforo,Automóvil
601,121660,2021-08-27,17:55:00,Urbana,Avenida,AV. SARMIENTO,1700,,,,1.0,0,0.0,2,0.0,,2,Asfalto,Apto,Seca,Día,NO,Despejado,Buena,Sin Semáforo,Automóvil
602,128324,2021-08-26,00:30:00,Urbana,Calle,AREQUIPA,,RIO NEGRO,,,1.0,1,0.0,2,0.0,Angulo,2,Hormigón,Apto,Seca,Noche,SI,Despejado,Buena,,Automóvil
603,128324,2021-08-26,00:30:00,Urbana,Calle,AREQUIPA,,RIO NEGRO,,,1.0,1,0.0,2,0.0,Angulo,2,Hormigón,Apto,Seca,Noche,SI,Despejado,Buena,,Transporte de carga
604,105562,2021-08-25,12:10:00,Urbana,Ruta Provincial,RUTA Nª 5,KM 5700,,-2.748.994,-5.875.757,1.0,1,0.0,1,1.0,,2,Asfalto,Apto,Seca,Día,NO,Despejado,Buena,,Transporte de carga
605,105562,2021-08-25,12:10:00,Urbana,Ruta Provincial,RUTA Nª 5,KM 5700,,-2.748.994,-5.875.757,1.0,1,0.0,1,1.0,,2,Asfalto,Apto,Seca,Día,NO,Despejado,Buena,,Peatón
606,104758,2021-08-24,06:00:00,Urbana,Calle,CATAMARCA,700,PELLEGRINI,-2.746.571,-5.883.280,2.0,0,0.0,2,0.0,,2,Asfalto,Apto,Seca,Amanecer,SI,Despejado,Buena,Funciona,Automóvil
607,104758,2021-08-24,06:00:00,Urbana,Calle,CATAMARCA,700,PELLEGRINI,-2.746.571,-5.883.280,2.0,0,0.0,2,0.0,,2,Asfalto,Apto,Seca,Amanecer,SI,Despejado,Buena,Funciona,Motocicleta
608,107645,2021-08-24,09:20:00,Urbana,Calle,LA RIOJA,1100,BOLIVAR,-2.747.078,-5.883.843,2.0,0,0.0,2,0.0,Angulo,2,Asfalto,Apto,Seca,Día,NO,Despejado,Buena,Sin Semáforo,Automóvil
609,107645,2021-08-24,09:20:00,Urbana,Calle,LA RIOJA,1100,BOLIVAR,-2.747.078,-5.883.843,2.0,0,0.0,2,0.0,Angulo,2,Asfalto,Apto,Seca,Día,NO,Despejado,Buena,Sin Semáforo,Camioneta/Utilitario
610,109640,2021-08-23,13:48:00,Urbana,Calle,SUIZA,3300,,-2.747.614,-5.881.069,1.0,1,0.0,2,0.0,Angulo,2,Asfalto,Apto,Seca,Día,NO,Despejado,Buena,Sin Semáforo,Automóvil
611,109640,2021-08-23,13:48:00,Urbana,Calle,SUIZA,3300,,-2.747.614,-5.881.069,1.0,1,0.0,2,0.0,Angulo,2,Asfalto,Apto,Seca,Día,NO,Despejado,Buena,Sin Semáforo,Motocicleta
612,118298,2021-08-23,17:10:00,Urbana,Avenida,AV. PUJOL,800,PERU,,,1.0,0,0.0,1,0.0,,1,Asfalto,Apto,,Día,SI,Despejado,Buena,,Camioneta/Utilitario
613,128326,2021-08-22,07:30:00,Urbana,Avenida,AV. CHACABUCO,1799,,,,1.0,1,0.0,1,1.0,,2,Asfalto,Apto,Seca,Día,NO,Despejado,Buena,,Transporte de pasajeros
614,128326,2021-08-22,07:30:00,Urbana,Avenida,AV. CHACABUCO,1799,,,,1.0,1,0.0,1,1.0,,2,Asfalto,Apto,Seca,Día,NO,Despejado,Buena,,Peatón
615,115146,2021-08-22,06:40:00,Urbana,Calle,CATAMARCA,700,C.PELLEGRINI,-2.746.572,-5.883.287,0.0,1,0.0,1,0.0,,1,Asfalto,Apto,Seca,Día,SI,Despejado,Buena,Funciona,Motocicleta
616,131007,2021-08-22,16:00:00,Urbana,Avenida,AV.ARTIGAS,1600,AV. FERRE,,,2.0,0,0.0,2,0.0,Angulo,2,Hormigón,Apto,,Día,,Despejado,Buena,,Automóvil
617,131007,2021-08-22,16:00:00,Urbana,Avenida,AV.ARTIGAS,1600,AV. FERRE,,,2.0,0,0.0,2,0.0,Angulo,2,Hormigón,Apto,,Día,,Despejado,Buena,,Automóvil
618,108443,2021-08-21,06:10:00,Urbana,Calle,RIOJA,600,PELLEGRINI,-2.746.521,-5.883.780,0.0,1,0.0,1,0.0,,1,Hormigón,Apto,Despejada,Amanecer,SI,Despejado,Buena,Funciona,Motocicleta
619,123016,2021-08-21,11:55:00,Urbana,Calle,Rivadavia,1900,paraguay,-2.747.527,-5.882.741,1.0,1,0.0,2,0.0,,2,Asfalto,Apto,Seca,Día,NO,Despejado,Buena,,Automóvil
620,123016,2021-08-21,11:55:00,Urbana,Calle,Rivadavia,1900,paraguay,-2.747.527,-5.882.741,1.0,1,0.0,2,0.0,,2,Asfalto,Apto,Seca,Día,NO,Despejado,Buena,,Motocicleta
621,96768,2021-08-20,11:00:00,Urbana,Avenida,AV MAIPU,3100,TILCARA,-2.750.211,-5.881.272,2.0,1,0.0,2,0.0,,2,Asfalto,Apto,Seca,Día,NO,Despejado,Buena,Funciona,Camioneta/Utilitario
622,96768,2021-08-20,11:00:00,Urbana,Avenida,AV MAIPU,3100,TILCARA,-2.750.211,-5.881.272,2.0,1,0.0,2,0.0,,2,Asfalto,Apto,Seca,Día,NO,Despejado,Buena,Funciona,Motocicleta
623,106263,2021-08-20,07:15:00,Urbana,Avenida,AV. ARMENIA,4800,MONTEAGUDO,-2.746.683,-5.879.081,1.0,1,0.0,2,0.0,,2,Asfalto,Apto,Seca,Amanecer,SI,Despejado,Buena,Sin Semáforo,Motocicleta
624,106263,2021-08-20,07:15:00,Urbana,Avenida,AV. ARMENIA,4800,MONTEAGUDO,-2.746.683,-5.879.081,1.0,1,0.0,2,0.0,,2,Asfalto,Apto,Seca,Amanecer,SI,Despejado,Buena,Sin Semáforo,Camioneta/Utilitario
625,122925,2021-08-20,17:40:00,Urbana,Avenida,Av Cartagena,3200,Juan José Paso,-2.749.263,-5.881.359,1.0,1,0.0,2,0.0,Angulo,2,Asfalto,Apto,Seca,Día,NO,Despejado,Buena,Sin Semáforo,Motocicleta
626,122925,2021-08-20,17:40:00,Urbana,Avenida,Av Cartagena,3200,Juan José Paso,-2.749.263,-5.881.359,1.0,1,0.0,2,0.0,Angulo,2,Asfalto,Apto,Seca,Día,NO,Despejado,Buena,Sin Semáforo,Motocicleta
627,123003,2021-08-20,20:23:00,Urbana,Avenida,Av Maipu,1800,Beltran,-2.747.985,-5.882.853,1.0,1,0.0,2,0.0,Angulo,2,Asfalto,Apto,Seca,Noche,SI,Despejado,Buena,Sin Semáforo,Automóvil
628,123003,2021-08-20,20:23:00,Urbana,Avenida,Av Maipu,1800,Beltran,-2.747.985,-5.882.853,1.0,1,0.0,2,0.0,Angulo,2,Asfalto,Apto,Seca,Noche,SI,Despejado,Buena,Sin Semáforo,Motocicleta
629,126987,2021-08-20,08:15:00,Urbana,Calle,SARMIENTO,4000,RAFARLA,,,2.0,0,0.0,2,0.0,,2,Asfalto,Apto,Seca,Día,NO,Despejado,Buena,,Automóvil
630,126987,2021-08-20,08:15:00,Urbana,Calle,SARMIENTO,4000,RAFARLA,,,2.0,0,0.0,2,0.0,,2,Asfalto,Apto,Seca,Día,NO,Despejado,Buena,,Motocicleta
631,132568,2021-08-20,15:50:00,Urbana,Avenida,AV.3 DE ABRIL,,ENTRE RIOS,,,1.0,1,0.0,2,0.0,,2,Asfalto,Apto,Seca,Día,NO,Despejado,Buena,Funciona,Automóvil
632,132568,2021-08-20,15:50:00,Urbana,Avenida,AV.3 DE ABRIL,,ENTRE RIOS,,,1.0,1,0.0,2,0.0,,2,Asfalto,Apto,Seca,Día,NO,Despejado,Buena,Funciona,Motocicleta
633,119914,2021-08-19,18:50:00,Urbana,Calle,AV. CHACABUCO,,GENERAL PAZ,-2.748.097,-5.881.525,1.0,1,0.0,2,,Angulo,2,Hormigón,Apto,Con material suelto,Atardecer,NO,Despejado,Buena,Funciona,Motocicleta
634,119914,2021-08-19,18:50:00,Urbana,Calle,AV. CHACABUCO,,GENERAL PAZ,-2.748.097,-5.881.525,1.0,1,0.0,2,,Angulo,2,Hormigón,Apto,Con material suelto,Atardecer,NO,Despejado,Buena,Funciona,Transporte de pasajeros
635,120711,2021-08-19,15:30:00,Urbana,Avenida,AV ARMENIA,,PEDERNERA,,,1.0,1,0.0,2,0.0,Angulo,2,Asfalto,Apto,Seca,Día,NO,Despejado,Buena,Sin Semáforo,Automóvil
636,120711,2021-08-19,15:30:00,Urbana,Avenida,AV ARMENIA,,PEDERNERA,,,1.0,1,0.0,2,0.0,Angulo,2,Asfalto,Apto,Seca,Día,NO,Despejado,Buena,Sin Semáforo,Motocicleta
637,119129,2021-08-17,10:20:00,Urbana,Avenida,AV.MAIPU,500,,,,1.0,1,0.0,2,0.0,Angulo,2,Asfalto,Apto,Seca,Día,NO,Despejado,Buena,Funciona,Automóvil
638,119129,2021-08-17,10:20:00,Urbana,Avenida,AV.MAIPU,500,,,,1.0,1,0.0,2,0.0,Angulo,2,Asfalto,Apto,Seca,Día,NO,Despejado,Buena,Funciona,Motocicleta
639,124124,2021-08-17,23:01:00,Urbana,Avenida,Av Cartagena,3900,Resoagli,-2.749.354,-5.880.582,1.0,1,0.0,2,0.0,Angulo,2,,Apto,Seca,Noche,SI,Despejado,Buena,,Motocicleta
640,124124,2021-08-17,23:01:00,Urbana,Avenida,Av Cartagena,3900,Resoagli,-2.749.354,-5.880.582,1.0,1,0.0,2,0.0,Angulo,2,,Apto,Seca,Noche,SI,Despejado,Buena,,Motocicleta
641,93064,2021-08-17,11:15:00,Urbana,Avenida,AV PEDRO FERRE,2200,ROCA,-2.747.720,-5.882.372,2.0,0,0.0,2,0.0,,2,Hormigón,Apto,"Despejada, Seca",Día,NO,Despejado,Buena,Funciona,Transporte de carga
642,93064,2021-08-17,11:15:00,Urbana,Avenida,AV PEDRO FERRE,2200,ROCA,-2.747.720,-5.882.372,2.0,0,0.0,2,0.0,,2,Hormigón,Apto,"Despejada, Seca",Día,NO,Despejado,Buena,Funciona,Automóvil
643,118306,2021-08-16,18:12:00,Urbana,Calle,,1283,,,,2.0,0,0.0,2,0.0,,2,Asfalto,Apto,Seca,Día,SI,Despejado,Buena,,Motocicleta
644,118306,2021-08-16,18:12:00,Urbana,Calle,,1283,,,,2.0,0,0.0,2,0.0,,2,Asfalto,Apto,Seca,Día,SI,Despejado,Buena,,Automóvil
645,129575,2021-08-15,19:10:00,Urbana,Avenida,AV. ARMENIA,3700,,,,4.0,0,0.0,4,0.0,Alcance,4,Asfalto,Apto,Seca,Atardecer,NO,Despejado,Buena,Sin Semáforo,Camioneta/Utilitario
646,129575,2021-08-15,19:10:00,Urbana,Avenida,AV. ARMENIA,3700,,,,4.0,0,0.0,4,0.0,Alcance,4,Asfalto,Apto,Seca,Atardecer,NO,Despejado,Buena,Sin Semáforo,Automóvil
647,129575,2021-08-15,19:10:00,Urbana,Avenida,AV. ARMENIA,3700,,,,4.0,0,0.0,4,0.0,Alcance,4,Asfalto,Apto,Seca,Atardecer,NO,Despejado,Buena,Sin Semáforo,Automóvil
648,129575,2021-08-15,19:10:00,Urbana,Avenida,AV. ARMENIA,3700,,,,4.0,0,0.0,4,0.0,Alcance,4,Asfalto,Apto,Seca,Atardecer,NO,Despejado,Buena,Sin Semáforo,Automóvil
649,131698,2021-08-14,13:59:00,Urbana,Avenida,INDPENDENCIA,3400,MEDRANO,,,2.0,0,0.0,2,0.0,Angulo,2,Asfalto,Apto,Seca,Día,NO,Despejado,Buena,Funciona,Automóvil
650,131698,2021-08-14,13:59:00,Urbana,Avenida,INDPENDENCIA,3400,MEDRANO,,,2.0,0,0.0,2,0.0,Angulo,2,Asfalto,Apto,Seca,Día,NO,Despejado,Buena,Funciona,Automóvil
651,108423,2021-08-12,22:15:00,Urbana,Calle,SAN MARTIN,1300,CORDOBA,,,1.0,1,0.0,2,0.0,Angulo,2,Hormigón,Apto,Seca,Noche,SI,Despejado,Buena,Sin Semáforo,Motocicleta
652,108423,2021-08-12,22:15:00,Urbana,Calle,SAN MARTIN,1300,CORDOBA,,,1.0,1,0.0,2,0.0,Angulo,2,Hormigón,Apto,Seca,Noche,SI,Despejado,Buena,Sin Semáforo,Motocicleta
653,124190,2021-08-12,22:35:00,Urbana,Avenida,Av Cazadores Correntinos,4300,Las Piedras,-2.748.730,-5.880.141,2.0,0,0.0,2,0.0,Angulo,2,,Apto,Seca,,SI,Despejado,Buena,,Automóvil
654,124190,2021-08-12,22:35:00,Urbana,Avenida,Av Cazadores Correntinos,4300,Las Piedras,-2.748.730,-5.880.141,2.0,0,0.0,2,0.0,Angulo,2,,Apto,Seca,,SI,Despejado,Buena,,Automóvil
655,106269,2021-08-12,15:30:00,Urbana,Avenida,AV ALFONSIN,3900,RESOAGLI,-2.747.351,-5.880.342,1.0,1,0.0,2,0.0,,2,Asfalto,Apto,Seca,Día,NO,Despejado,Buena,Sin Semáforo,Motocicleta
656,106269,2021-08-12,15:30:00,Urbana,Avenida,AV ALFONSIN,3900,RESOAGLI,-2.747.351,-5.880.342,1.0,1,0.0,2,0.0,,2,Asfalto,Apto,Seca,Día,NO,Despejado,Buena,Sin Semáforo,Motocicleta
657,118292,2021-08-12,11:00:00,Urbana,Calle,AV.ARMENIA,,ARZAGA,,,1.0,1,0.0,2,0.0,,2,Asfalto,Apto,Seca,Día,NO,Despejado,Buena,Sin Semáforo,Automóvil
658,118292,2021-08-12,11:00:00,Urbana,Calle,AV.ARMENIA,,ARZAGA,,,1.0,1,0.0,2,0.0,,2,Asfalto,Apto,Seca,Día,NO,Despejado,Buena,Sin Semáforo,Motocicleta
659,113319,2021-08-12,07:56:00,Urbana,Ruta Nacional,12,1035,,,,1.0,1,0.0,2,0.0,Lateral,2,Asfalto,Apto,"Despejada, Seca",Día,NO,Despejado,Buena,Sin Semáforo,Automóvil
660,113319,2021-08-12,07:56:00,Urbana,Ruta Nacional,12,1035,,,,1.0,1,0.0,2,0.0,Lateral,2,Asfalto,Apto,"Despejada, Seca",Día,NO,Despejado,Buena,Sin Semáforo,Motocicleta
661,95914,2021-08-11,18:30:00,Urbana,Calle,LISANDRO SEGOVIA,1800,NECOCHEA,-2.747.964,-5.883.563,2.0,0,0.0,2,0.0,,2,Asfalto,Apto,Seca,Día,NO,Despejado,Buena,Sin Semáforo,Automóvil
662,95914,2021-08-11,18:30:00,Urbana,Calle,LISANDRO SEGOVIA,1800,NECOCHEA,-2.747.964,-5.883.563,2.0,0,0.0,2,0.0,,2,Asfalto,Apto,Seca,Día,NO,Despejado,Buena,Sin Semáforo,Automóvil
663,108368,2021-08-10,09:15:00,Urbana,Avenida,AV ARTIGAS,1022,,-4.000.000,-6.100.000,2.0,0,0.0,2,0.0,Angulo,2,Asfalto,Apto,Seca,Día,NO,Despejado,Buena,Sin Semáforo,Automóvil
664,108368,2021-08-10,09:15:00,Urbana,Avenida,AV ARTIGAS,1022,,-4.000.000,-6.100.000,2.0,0,0.0,2,0.0,Angulo,2,Asfalto,Apto,Seca,Día,NO,Despejado,Buena,Sin Semáforo,Motocicleta
665,119120,2021-08-10,12:30:00,Urbana,Calle,MONTEAGUDO,499,CAPILLA DEL MONTE,,,1.0,1,0.0,2,0.0,,2,Tierra,Apto,Seca,Día,NO,Despejado,,,Automóvil
666,119120,2021-08-10,12:30:00,Urbana,Calle,MONTEAGUDO,499,CAPILLA DEL MONTE,,,1.0,1,0.0,2,0.0,,2,Tierra,Apto,Seca,Día,NO,Despejado,,,Motocicleta
667,130969,2021-08-09,12:41:00,Urbana,Calle,BELGRANO,1600,,,,1.0,2,0.0,2,0.0,,2,Hormigón,Apto,Seca,Día,NO,Despejado,Buena,,Automóvil
668,130969,2021-08-09,12:41:00,Urbana,Calle,BELGRANO,1600,,,,1.0,2,0.0,2,0.0,,2,Hormigón,Apto,Seca,Día,NO,Despejado,Buena,,Motocicleta
669,98256,2021-08-09,14:15:00,Urbana,Avenida,PAYSANDU,3500,COSQUIN,-2.749.474,-5.882.475,2.0,1,0.0,2,0.0,,2,Hormigón,Apto,Seca,Día,NO,Despejado,Buena,Sin Semáforo,Automóvil
670,98256,2021-08-09,14:15:00,Urbana,Avenida,PAYSANDU,3500,COSQUIN,-2.749.474,-5.882.475,2.0,1,0.0,2,0.0,,2,Hormigón,Apto,Seca,Día,NO,Despejado,Buena,Sin Semáforo,Motocicleta
671,105533,2021-08-09,00:30:00,Urbana,Avenida,AV IV CENTENARIO,1600,GUTEMBERG,,,2.0,0,0.0,2,0.0,,2,Hormigón,Apto,Seca,Noche,SI,Despejado,Buena,Sin Semáforo,Transporte de pasajeros
672,105533,2021-08-09,00:30:00,Urbana,Avenida,AV IV CENTENARIO,1600,GUTEMBERG,,,2.0,0,0.0,2,0.0,,2,Hormigón,Apto,Seca,Noche,SI,Despejado,Buena,Sin Semáforo,Motocicleta
673,123410,2021-08-08,11:45:00,Urbana,Calle,RUTA 12,,CUBA,,,1.0,1,0.0,2,0.0,,2,Asfalto,Apto,Seca,Día,NO,Despejado,Buena,Sin Semáforo,Transporte de carga
674,123410,2021-08-08,11:45:00,Urbana,Calle,RUTA 12,,CUBA,,,1.0,1,0.0,2,0.0,,2,Asfalto,Apto,Seca,Día,NO,Despejado,Buena,Sin Semáforo,Motocicleta
675,95187,2021-08-07,06:45:00,Urbana,Avenida,AV MAIUPU,1800,FRAGATA LA ARGENTINA,-2.749.483,-5.881.745,1.0,1,0.0,2,0.0,Alcance,2,Asfalto,Apto,Seca,Día,NO,Despejado,Buena,Sin Semáforo,Automóvil
676,95187,2021-08-07,06:45:00,Urbana,Avenida,AV MAIUPU,1800,FRAGATA LA ARGENTINA,-2.749.483,-5.881.745,1.0,1,0.0,2,0.0,Alcance,2,Asfalto,Apto,Seca,Día,NO,Despejado,Buena,Sin Semáforo,Motocicleta
677,131699,2021-08-07,12:05:00,Urbana,Avenida,INDEPENDENCIA,3600,GUEMES,,,3.0,0,0.0,3,0.0,,3,Asfalto,Apto,Seca,Día,NO,Despejado,Buena,Funciona,Motocicleta
678,131699,2021-08-07,12:05:00,Urbana,Avenida,INDEPENDENCIA,3600,GUEMES,,,3.0,0,0.0,3,0.0,,3,Asfalto,Apto,Seca,Día,NO,Despejado,Buena,Funciona,Motocicleta
679,131699,2021-08-07,12:05:00,Urbana,Avenida,INDEPENDENCIA,3600,GUEMES,,,3.0,0,0.0,3,0.0,,3,Asfalto,Apto,Seca,Día,NO,Despejado,Buena,Funciona,Motocicleta
680,95210,2021-08-07,11:15:00,Urbana,Calle,9DE JULIO,1140,MENDOZA,-2.746.660,-5.883.490,1.0,1,0.0,2,0.0,Lateral,2,Asfalto,Apto,Seca,Día,NO,Despejado,Buena,Sin Semáforo,Automóvil
681,95210,2021-08-07,11:15:00,Urbana,Calle,9DE JULIO,1140,MENDOZA,-2.746.660,-5.883.490,1.0,1,0.0,2,0.0,Lateral,2,Asfalto,Apto,Seca,Día,NO,Despejado,Buena,Sin Semáforo,Motocicleta
682,118283,2021-08-07,12:20:00,Urbana,Avenida,AV FRONDIZI,3400,SAN MARTIN,,,1.0,2,0.0,2,0.0,,2,Asfalto,Apto,Seca,Día,NO,Despejado,Buena,Sin Semáforo,Automóvil
683,118283,2021-08-07,12:20:00,Urbana,Avenida,AV FRONDIZI,3400,SAN MARTIN,,,1.0,2,0.0,2,0.0,,2,Asfalto,Apto,Seca,Día,NO,Despejado,Buena,Sin Semáforo,Motocicleta
684,126983,2021-08-06,08:10:00,Urbana,Calle,GUTEMBERG,1900,NECOCHEA,,,3.0,0,0.0,2,0.0,Angulo,2,Asfalto,Apto,Seca,Día,NO,Despejado,Buena,Sin Semáforo,Motocicleta
685,126983,2021-08-06,08:10:00,Urbana,Calle,GUTEMBERG,1900,NECOCHEA,,,3.0,0,0.0,2,0.0,Angulo,2,Asfalto,Apto,Seca,Día,NO,Despejado,Buena,Sin Semáforo,Motocicleta
686,118291,2021-08-04,21:40:00,Urbana,Avenida,AV. CHACABUCO,1499,FERRE,,,3.0,1,0.0,3,0.0,Multiple,3,Hormigón,Apto,Seca,Noche,SI,Despejado,Buena,Funciona,Automóvil
687,118291,2021-08-04,21:40:00,Urbana,Avenida,AV. CHACABUCO,1499,FERRE,,,3.0,1,0.0,3,0.0,Multiple,3,Hormigón,Apto,Seca,Noche,SI,Despejado,Buena,Funciona,Automóvil
688,118291,2021-08-04,21:40:00,Urbana,Avenida,AV. CHACABUCO,1499,FERRE,,,3.0,1,0.0,3,0.0,Multiple,3,Hormigón,Apto,Seca,Noche,SI,Despejado,Buena,Funciona,Automóvil
689,118294,2021-08-04,23:30:00,Urbana,Avenida,AV FERRÉ,,AV.ARTIGAS,,,2.0,0,0.0,2,0.0,Lateral,2,Asfalto,Apto,Seca,Noche,SI,Despejado,Buena,Funciona,Motocicleta
690,118294,2021-08-04,23:30:00,Urbana,Avenida,AV FERRÉ,,AV.ARTIGAS,,,2.0,0,0.0,2,0.0,Lateral,2,Asfalto,Apto,Seca,Noche,SI,Despejado,Buena,Funciona,Bicicleta