,id_feu,siniestro_fecha,siniestro_hora,zona_ocurrencia,via_publica,nombre_via,altura_km,entre_calle_1,latitud,longitud,ilesos,heridos,fallecidos,vehiculos,peatones,tipo_colision,cantidad_de_involucrados,material_de_la_calzada,estado_de_la_calzada,estado_fisico_ambiental,luminosidad,luz_artificial,estado_ambiental,visibilidad,semaforo,tipo_involucrado
691,110428,2021-08-04,09:30:00,Urbana,Ruta Provincial,5,1 1/2,ARTURO ILIA,-2.748.990,-5.875.754,2.0,1,0.0,2,0.0,,2,Asfalto,Apto,Despejada,Día,NO,Despejado,Buena,Sin Semáforo,Motocicleta
692,110428,2021-08-04,09:30:00,Urbana,Ruta Provincial,5,1 1/2,ARTURO ILIA,-2.748.990,-5.875.754,2.0,1,0.0,2,0.0,,2,Asfalto,Apto,Despejada,Día,NO,Despejado,Buena,Sin Semáforo,Transporte de carga
693,126300,2021-08-04,11:00:00,Urbana,Calle,9 de julio,700,Tucumán,-2.746.609,-5.884.153,1.0,0,0.0,1,0.0,,1,Asfalto,Apto,Mojada,Día,NO,,Lluvia,,Camioneta/Utilitario
694,98764,2021-08-04,13:10:00,Urbana,Avenida,AV FERRE,2200,ROCA,-2.747.715,-5.882.369,2.0,0,0.0,2,0.0,Alcance,2,Asfalto,,Seca,Día,,Despejado,Buena,Funciona,Automóvil
695,98764,2021-08-04,13:10:00,Urbana,Avenida,AV FERRE,2200,ROCA,-2.747.715,-5.882.369,2.0,0,0.0,2,0.0,Alcance,2,Asfalto,,Seca,Día,,Despejado,Buena,Funciona,Motocicleta
696,119123,2021-08-03,12:00:00,Urbana,Calle,,,FACUNDO,,,2.0,1,0.0,2,0.0,Angulo,2,Asfalto,Apto,Mojada,Día,NO,Lluvia,Buena,Sin Semáforo,Motocicleta
697,119123,2021-08-03,12:00:00,Urbana,Calle,,,FACUNDO,,,2.0,1,0.0,2,0.0,Angulo,2,Asfalto,Apto,Mojada,Día,NO,Lluvia,Buena,Sin Semáforo,Bicicleta
698,114292,2021-08-02,17:50:00,Urbana,Calle,MEXICO,,GDOR MARTINEZ,-2.746.950,-5.881.441,0.0,2,0.0,2,0.0,Lateral,2,Hormigón,Apto,Seca,Día,NO,Despejado,Buena,Sin Semáforo,Motocicleta
699,114292,2021-08-02,17:50:00,Urbana,Calle,MEXICO,,GDOR MARTINEZ,-2.746.950,-5.881.441,0.0,2,0.0,2,0.0,Lateral,2,Hormigón,Apto,Seca,Día,NO,Despejado,Buena,Sin Semáforo,Motocicleta
700,106268,2021-08-02,14:20:00,Urbana,Calle,NIÑO JESUS,1900,LAS HERAS,-2.748.489,-5.880.259,1.0,2,0.0,2,0.0,,2,Tierra,Apto,Seca,Día,SI,Despejado,Buena,Sin Semáforo,Motocicleta
701,106268,2021-08-02,14:20:00,Urbana,Calle,NIÑO JESUS,1900,LAS HERAS,-2.748.489,-5.880.259,1.0,2,0.0,2,0.0,,2,Tierra,Apto,Seca,Día,SI,Despejado,Buena,Sin Semáforo,Automóvil
702,125021,2021-08-02,12:50:00,Urbana,Avenida,3 DE abril,600,TUCUMAN,,,3.0,1,0.0,3,0.0,,3,Asfalto,Apto,Seca,Día,NO,Despejado,Buena,Funciona,Automóvil
703,125021,2021-08-02,12:50:00,Urbana,Avenida,3 DE abril,600,TUCUMAN,,,3.0,1,0.0,3,0.0,,3,Asfalto,Apto,Seca,Día,NO,Despejado,Buena,Funciona,Bicicleta
704,125021,2021-08-02,12:50:00,Urbana,Avenida,3 DE abril,600,TUCUMAN,,,3.0,1,0.0,3,0.0,,3,Asfalto,Apto,Seca,Día,NO,Despejado,Buena,Funciona,Bicicleta
705,115143,2021-08-01,08:10:00,Urbana,Avenida,AV MAIPÚ,847,CAZADORES CTINOS,-2.748.648,-5.882.311,1.0,1,0.0,2,0.0,Angulo,2,Asfalto,Apto,Seca,Día,SI,Despejado,Buena,Funciona,Motocicleta
706,115143,2021-08-01,08:10:00,Urbana,Avenida,AV MAIPÚ,847,CAZADORES CTINOS,-2.748.648,-5.882.311,1.0,1,0.0,2,0.0,Angulo,2,Asfalto,Apto,Seca,Día,SI,Despejado,Buena,Funciona,Transporte de carga
707,95911,2021-07-31,15:15:00,Urbana,Avenida,AV 3 DE ABRIL,600,ALBERDI,-2.747.485,-5.884.434,2.0,0,0.0,2,0.0,,2,Hormigón,Apto,Seca,Día,NO,Despejado,,Sin Semáforo,Transporte de carga
708,95911,2021-07-31,15:15:00,Urbana,Avenida,AV 3 DE ABRIL,600,ALBERDI,-2.747.485,-5.884.434,2.0,0,0.0,2,0.0,,2,Hormigón,Apto,Seca,Día,NO,Despejado,,Sin Semáforo,Motocicleta
709,123440,2021-07-31,11:05:00,Urbana,Avenida,AV. 3 DE ABRIL,600,SAN LUIS,,,2.0,0,0.0,2,0.0,,2,Asfalto,Apto,Seca,Día,NO,Despejado,Buena,Funciona,Automóvil
710,123440,2021-07-31,11:05:00,Urbana,Avenida,AV. 3 DE ABRIL,600,SAN LUIS,,,2.0,0,0.0,2,0.0,,2,Asfalto,Apto,Seca,Día,NO,Despejado,Buena,Funciona,Motocicleta
711,119956,2021-07-30,09:20:00,Urbana,Avenida,AV FERRE,,ROCA,,,3.0,0,0.0,3,0.0,Multiple,3,Asfalto,Apto,Seca,Día,NO,Despejado,,Funciona,Automóvil
712,119956,2021-07-30,09:20:00,Urbana,Avenida,AV FERRE,,ROCA,,,3.0,0,0.0,3,0.0,Multiple,3,Asfalto,Apto,Seca,Día,NO,Despejado,,Funciona,Automóvil
713,119956,2021-07-30,09:20:00,Urbana,Avenida,AV FERRE,,ROCA,,,3.0,0,0.0,3,0.0,Multiple,3,Asfalto,Apto,Seca,Día,NO,Despejado,,Funciona,Camioneta/Utilitario
714,122556,2021-07-29,05:10:00,Urbana,Ruta Provincial,5,1000,,,,1.0,1,0.0,2,0.0,,2,Asfalto,Apto,Seca,Noche,NO,Despejado,Buena,,Automóvil
715,122556,2021-07-29,05:10:00,Urbana,Ruta Provincial,5,1000,,,,1.0,1,0.0,2,0.0,,2,Asfalto,Apto,Seca,Noche,NO,Despejado,Buena,,Motocicleta
716,123442,2021-07-28,11:50:00,Urbana,Avenida,MAIPU,2400,VALPARAISO,,,1.0,1,0.0,2,0.0,,2,Asfalto,Apto,Seca,Día,NO,Despejado,Buena,,Motocicleta
717,123442,2021-07-28,11:50:00,Urbana,Avenida,MAIPU,2400,VALPARAISO,,,1.0,1,0.0,2,0.0,,2,Asfalto,Apto,Seca,Día,NO,Despejado,Buena,,Motocicleta
718,118308,2021-07-28,13:15:00,Urbana,Avenida,AV. MAIPU,4800,,,,1.0,1,0.0,2,0.0,,2,Asfalto,Apto,Seca,Día,NO,Despejado,,Sin Semáforo,Motocicleta
719,118308,2021-07-28,13:15:00,Urbana,Avenida,AV. MAIPU,4800,,,,1.0,1,0.0,2,0.0,,2,Asfalto,Apto,Seca,Día,NO,Despejado,,Sin Semáforo,Camioneta/Utilitario
720,119944,2021-07-27,08:40:00,Urbana,Ruta Provincial,Nº 5,,,,,4.0,2,0.0,2,0.0,,2,Asfalto,Apto,,Día,NO,"Despejado, Viento",Buena,Sin Semáforo,Motocicleta
721,119944,2021-07-27,08:40:00,Urbana,Ruta Provincial,Nº 5,,,,,4.0,2,0.0,2,0.0,,2,Asfalto,Apto,,Día,NO,"Despejado, Viento",Buena,Sin Semáforo,Camioneta/Utilitario
722,116016,2021-07-25,21:10:00,Urbana,Avenida,AV INDEPENDENCIA,4300,RIO JURAMENTO,-2.748.141,-5.879.934,0.0,1,0.0,1,0.0,,1,Asfalto,Apto,Seca,Noche,NO,Despejado,,Sin Semáforo,Motocicleta
723,106219,2021-07-24,22:42:00,Urbana,Avenida,AV C.CORRENTINO,3000,AV CHACABUCO,-2.748.676,-5.881.618,2.0,0,0.0,2,0.0,,2,Asfalto,Apto,Seca,Noche,SI,Despejado,Buena,Funciona,Motocicleta
724,106219,2021-07-24,22:42:00,Urbana,Avenida,AV C.CORRENTINO,3000,AV CHACABUCO,-2.748.676,-5.881.618,2.0,0,0.0,2,0.0,,2,Asfalto,Apto,Seca,Noche,SI,Despejado,Buena,Funciona,Motocicleta
725,91690,2021-07-24,07:50:00,Urbana,Avenida,AV INDEPENDENCIA,5500,ROTONDA DE LA VIRGEN DE ITATI,-2.748.435,-5.878.327,1.0,1,0.0,2,0.0,Angulo,2,Asfalto,Apto,Seca,Día,NO,Despejado,Buena,Sin Semáforo,Motocicleta
726,91690,2021-07-24,07:50:00,Urbana,Avenida,AV INDEPENDENCIA,5500,ROTONDA DE LA VIRGEN DE ITATI,-2.748.435,-5.878.327,1.0,1,0.0,2,0.0,Angulo,2,Asfalto,Apto,Seca,Día,NO,Despejado,Buena,Sin Semáforo,Transporte de carga
727,124203,2021-07-19,11:54:00,Urbana,Avenida,AV. FERRE,,CHILE,,,3.0,0,0.0,3,0.0,"Alcance, Multiple",3,Hormigón,Apto,Seca,Día,NO,Despejado,Buena,Funciona,Automóvil
728,124203,2021-07-19,11:54:00,Urbana,Avenida,AV. FERRE,,CHILE,,,3.0,0,0.0,3,0.0,"Alcance, Multiple",3,Hormigón,Apto,Seca,Día,NO,Despejado,Buena,Funciona,Automóvil
729,124203,2021-07-19,11:54:00,Urbana,Avenida,AV. FERRE,,CHILE,,,3.0,0,0.0,3,0.0,"Alcance, Multiple",3,Hormigón,Apto,Seca,Día,NO,Despejado,Buena,Funciona,Automóvil
730,124391,2021-07-19,10:20:00,Urbana,Calle,QUINTANA,1400,,,,2.0,1,0.0,2,0.0,,2,Asfalto,Apto,Seca,Día,NO,Despejado,Buena,,Automóvil
731,124391,2021-07-19,10:20:00,Urbana,Calle,QUINTANA,1400,,,,2.0,1,0.0,2,0.0,,2,Asfalto,Apto,Seca,Día,NO,Despejado,Buena,,Motocicleta
732,132603,2021-07-19,11:00:00,Urbana,Calle,CATAMARCA,1100,,,,1.0,1,0.0,2,0.0,,2,Asfalto,Apto,Seca,Día,NO,Despejado,Buena,,Automóvil
733,132603,2021-07-19,11:00:00,Urbana,Calle,CATAMARCA,1100,,,,1.0,1,0.0,2,0.0,,2,Asfalto,Apto,Seca,Día,NO,Despejado,Buena,,Motocicleta
734,127022,2021-07-19,11:50:00,Urbana,Avenida,AV 3 DE ABRIL,,SALTA,,,3.0,2,0.0,3,0.0,Alcance,3,Asfalto,Apto,,Día,,Despejado,Buena,Funciona,Transporte de carga
735,127022,2021-07-19,11:50:00,Urbana,Avenida,AV 3 DE ABRIL,,SALTA,,,3.0,2,0.0,3,0.0,Alcance,3,Asfalto,Apto,,Día,,Despejado,Buena,Funciona,Automóvil
736,127022,2021-07-19,11:50:00,Urbana,Avenida,AV 3 DE ABRIL,,SALTA,,,3.0,2,0.0,3,0.0,Alcance,3,Asfalto,Apto,,Día,,Despejado,Buena,Funciona,Automóvil
737,132597,2021-07-17,10:28:00,Urbana,Calle,J.R. VIDAL,1700,CABILDO,,,2.0,1,0.0,2,0.0,Angulo,2,Asfalto,Apto,Seca,Día,NO,Despejado,Buena,Sin Semáforo,Automóvil
738,132597,2021-07-17,10:28:00,Urbana,Calle,J.R. VIDAL,1700,CABILDO,,,2.0,1,0.0,2,0.0,Angulo,2,Asfalto,Apto,Seca,Día,NO,Despejado,Buena,Sin Semáforo,Motocicleta
739,114280,2021-07-17,22:15:00,Urbana,Avenida,AV. MAIPU,1502,ASUNCION,,,1.0,2,0.0,2,0.0,,2,Asfalto,Apto,Seca,Noche,SI,Despejado,Buena,,Motocicleta
740,114280,2021-07-17,22:15:00,Urbana,Avenida,AV. MAIPU,1502,ASUNCION,,,1.0,2,0.0,2,0.0,,2,Asfalto,Apto,Seca,Noche,SI,Despejado,Buena,,Motocicleta
741,118290,2021-07-16,02:00:00,Urbana,Calle,NECOCHEA,,ELIAS ABAD,,,2.0,0,0.0,2,0.0,Lateral,2,Hormigón,Apto,Seca,Noche,SI,Despejado,Buena,Sin Semáforo,Automóvil
742,118290,2021-07-16,02:00:00,Urbana,Calle,NECOCHEA,,ELIAS ABAD,,,2.0,0,0.0,2,0.0,Lateral,2,Hormigón,Apto,Seca,Noche,SI,Despejado,Buena,Sin Semáforo,Automóvil
743,119973,2021-07-15,11:10:00,Urbana,Avenida,,,CATAMARCA,,,2.0,0,0.0,2,0.0,,2,Asfalto,Apto,Seca,Día,NO,Despejado,Buena,,Motocicleta
744,119973,2021-07-15,11:10:00,Urbana,Avenida,,,CATAMARCA,,,2.0,0,0.0,2,0.0,,2,Asfalto,Apto,Seca,Día,NO,Despejado,Buena,,Camioneta/Utilitario
745,126354,2021-07-14,18:30:00,Urbana,Avenida,SAN LORENZO,,AV. TENIENTE IBAÑEZ,,,2.0,0,0.0,2,0.0,,2,,Apto,Mojada,,NO,Lluvia,Buena,Sin Semáforo,Automóvil
746,126354,2021-07-14,18:30:00,Urbana,Avenida,SAN LORENZO,,AV. TENIENTE IBAÑEZ,,,2.0,0,0.0,2,0.0,,2,,Apto,Mojada,,NO,Lluvia,Buena,Sin Semáforo,Motocicleta
747,96770,2021-07-14,13:32:00,Urbana,Avenida,AV MAIPU,820,,-2.748.196,-5.882.685,1.0,1,0.0,2,0.0,,2,Asfalto,Apto,Seca,Día,NO,,,Sin Semáforo,Motocicleta
748,96770,2021-07-14,13:32:00,Urbana,Avenida,AV MAIPU,820,,-2.748.196,-5.882.685,1.0,1,0.0,2,0.0,,2,Asfalto,Apto,Seca,Día,NO,,,Sin Semáforo,Automóvil
749,108413,2021-07-13,17:40:00,Urbana,Avenida,AV RIO CHICO,4500,UNNE,-2.746.144,-5.878.488,1.0,2,0.0,2,0.0,,2,Hormigón,Apto,Seca,Atardecer,NO,Despejado,Buena,Sin Semáforo,Automóvil
750,108413,2021-07-13,17:40:00,Urbana,Avenida,AV RIO CHICO,4500,UNNE,-2.746.144,-5.878.488,1.0,2,0.0,2,0.0,,2,Hormigón,Apto,Seca,Atardecer,NO,Despejado,Buena,Sin Semáforo,Motocicleta
751,98266,2021-07-13,20:30:00,Urbana,Avenida,AV MAIPU,6000,,-2.753.274,-5.877.248,2.0,1,0.0,2,0.0,,2,Asfalto,Apto,Seca,Noche,SI,Despejado,Buena,Sin Semáforo,Automóvil
752,98266,2021-07-13,20:30:00,Urbana,Avenida,AV MAIPU,6000,,-2.753.274,-5.877.248,2.0,1,0.0,2,0.0,,2,Asfalto,Apto,Seca,Noche,SI,Despejado,Buena,Sin Semáforo,Motocicleta
753,111117,2021-07-11,23:50:00,Urbana,Ruta Nacional,12,1,AV INDEPENDENCIA,-2.748.594,-5.878.167,0.0,1,0.0,1,0.0,,1,Asfalto,"Ahuellamiento, En reparación",Seca,Noche,NO,Despejado,Buena,Sin Semáforo,Motocicleta
754,122563,2021-07-10,13:56:00,Urbana,Calle,AV. MAIPÚ,1400,,,,1.0,1,0.0,2,0.0,Rozamiento,2,Asfalto,Apto,Seca,Día,NO,Despejado,Buena,Sin Semáforo,Motocicleta
755,122563,2021-07-10,13:56:00,Urbana,Calle,AV. MAIPÚ,1400,,,,1.0,1,0.0,2,0.0,Rozamiento,2,Asfalto,Apto,Seca,Día,NO,Despejado,Buena,Sin Semáforo,Motocicleta
756,124127,2021-07-09,19:50:00,Urbana,Avenida,Av Pujol,400,Jujuy,-2.746.287,-5.882.729,1.0,1,0.0,2,0.0,Angulo,2,Asfalto,Apto,Seca,,NO,Despejado,Buena,Funciona,Camioneta/Utilitario
757,124127,2021-07-09,19:50:00,Urbana,Avenida,Av Pujol,400,Jujuy,-2.746.287,-5.882.729,1.0,1,0.0,2,0.0,Angulo,2,Asfalto,Apto,Seca,,NO,Despejado,Buena,Funciona,Motocicleta
758,110429,2021-07-09,11:07:00,Urbana,Calle,ROCA,1551,,-2.747.646,-5.882.353,1.0,1,0.0,1,0.0,,1,Asfalto,Apto,Despejada,Día,NO,Despejado,Buena,Sin Semáforo,Motocicleta
759,126974,2021-07-07,22:15:00,Urbana,Calle,RIVADAVIA,1600,PARAGUAY,,,1.0,0,0.0,1,0.0,,1,Asfalto,Apto,Seca,Noche,SI,Despejado,Buena,Sin Semáforo,Motocicleta
760,120719,2021-07-06,11:45:00,Urbana,Avenida,ARMENIA,,URUNDAY,,,1.0,1,0.0,2,0.0,Angulo,2,Asfalto,Apto,Seca,Día,NO,Despejado,Buena,Sin Semáforo,Transporte de carga
761,120719,2021-07-06,11:45:00,Urbana,Avenida,ARMENIA,,URUNDAY,,,1.0,1,0.0,2,0.0,Angulo,2,Asfalto,Apto,Seca,Día,NO,Despejado,Buena,Sin Semáforo,Motocicleta
762,120762,2021-07-06,20:00:00,Urbana,Calle,FERRE,2500,,,,2.0,0,0.0,2,0.0,,2,Asfalto,Apto,Seca,Noche,SI,Despejado,Buena,Funciona,Camioneta/Utilitario
763,120762,2021-07-06,20:00:00,Urbana,Calle,FERRE,2500,,,,2.0,0,0.0,2,0.0,,2,Asfalto,Apto,Seca,Noche,SI,Despejado,Buena,Funciona,Transporte de carga
764,124133,2021-07-04,09:45:00,Urbana,Avenida,AV. CENTENARIO,4100,,,,2.0,0,0.0,2,0.0,,2,Asfalto,Apto,Seca,Día,NO,,Buena,,Automóvil
765,124133,2021-07-04,09:45:00,Urbana,Avenida,AV. CENTENARIO,4100,,,,2.0,0,0.0,2,0.0,,2,Asfalto,Apto,Seca,Día,NO,,Buena,,Camioneta/Utilitario
766,130967,2021-07-03,11:40:00,Urbana,Calle,ESPAÑA,,BOLIVAR,,,1.0,1,0.0,2,0.0,Angulo,2,Asfalto,Apto,Seca,Día,NO,Despejado,Buena,Sin Semáforo,Automóvil
767,130967,2021-07-03,11:40:00,Urbana,Calle,ESPAÑA,,BOLIVAR,,,1.0,1,0.0,2,0.0,Angulo,2,Asfalto,Apto,Seca,Día,NO,Despejado,Buena,Sin Semáforo,Motocicleta
768,119961,2021-07-02,13:30:00,Urbana,Calle,REPUBLICA DOMINICANA,3300,SUIZA,,,2.0,0,0.0,2,0.0,Angulo,2,Asfalto,Apto,Seca,Día,NO,Despejado,,Sin Semáforo,Motocicleta
769,119961,2021-07-02,13:30:00,Urbana,Calle,REPUBLICA DOMINICANA,3300,SUIZA,,,2.0,0,0.0,2,0.0,Angulo,2,Asfalto,Apto,Seca,Día,NO,Despejado,,Sin Semáforo,Camioneta/Utilitario
770,120759,2021-07-02,19:55:00,Urbana,Calle,RAUL ALFONSIN,4133,,,,2.0,0,0.0,2,0.0,,2,Asfalto,Apto,Seca,Noche,SI,Despejado,Buena,Sin Semáforo,Automóvil
771,120759,2021-07-02,19:55:00,Urbana,Calle,RAUL ALFONSIN,4133,,,,2.0,0,0.0,2,0.0,,2,Asfalto,Apto,Seca,Noche,SI,Despejado,Buena,Sin Semáforo,Motocicleta
772,115972,2021-07-01,08:00:00,Urbana,Avenida,AV CHACABUCO,1300,ALTE BRON,-2.747.443,-5.881.366,1.0,1,0.0,2,0.0,,2,Asfalto,Apto,Seca,Día,NO,Despejado,Buena,Sin Semáforo,Automóvil
773,115972,2021-07-01,08:00:00,Urbana,Avenida,AV CHACABUCO,1300,ALTE BRON,-2.747.443,-5.881.366,1.0,1,0.0,2,0.0,,2,Asfalto,Apto,Seca,Día,NO,Despejado,Buena,Sin Semáforo,Motocicleta
774,121657,2021-07-01,02:30:00,Urbana,Calle,SANTIAGO DEL ESTERO,350,JUNCAL,,,1.0,1,0.0,2,0.0,,2,Asfalto,Apto,Seca,Noche,SI,Despejado,Buena,,Motocicleta
775,121657,2021-07-01,02:30:00,Urbana,Calle,SANTIAGO DEL ESTERO,350,JUNCAL,,,1.0,1,0.0,2,0.0,,2,Asfalto,Apto,Seca,Noche,SI,Despejado,Buena,,Motocicleta
776,131729,2021-06-30,05:25:00,Urbana,Ruta Provincial,5,0.4,,,,1.0,0,0.0,1,0.0,,1,Asfalto,Apto,Seca,Amanecer,NO,Despejado,Buena,,Automóvil
777,106275,2021-06-30,15:25:00,Urbana,Calle,SAN JUAN,1800,GRAL PAZ,-2.747.816,-5.883.818,1.0,1,0.0,2,0.0,Lateral,2,Asfalto,Apto,Seca,Día,NO,Despejado,Buena,Sin Semáforo,Motocicleta
778,106275,2021-06-30,15:25:00,Urbana,Calle,SAN JUAN,1800,GRAL PAZ,-2.747.816,-5.883.818,1.0,1,0.0,2,0.0,Lateral,2,Asfalto,Apto,Seca,Día,NO,Despejado,Buena,Sin Semáforo,Transporte de pasajeros
779,106278,2021-06-30,18:05:00,Urbana,Avenida,AV PUJOL,1700,ROLON,-2.746.138,-5.882.913,2.0,0,0.0,2,0.0,,2,Asfalto,Apto,Seca,Día,NO,Despejado,Buena,Sin Semáforo,Camioneta/Utilitario
780,106278,2021-06-30,18:05:00,Urbana,Avenida,AV PUJOL,1700,ROLON,-2.746.138,-5.882.913,2.0,0,0.0,2,0.0,,2,Asfalto,Apto,Seca,Día,NO,Despejado,Buena,Sin Semáforo,Automóvil
781,127014,2021-06-29,11:15:00,Urbana,Calle,BRASIL,1200,,,,3.0,0,0.0,3,0.0,Alcance,3,Asfalto,Apto,Seca,Día,NO,Despejado,Buena,Sin Semáforo,Automóvil
782,127014,2021-06-29,11:15:00,Urbana,Calle,BRASIL,1200,,,,3.0,0,0.0,3,0.0,Alcance,3,Asfalto,Apto,Seca,Día,NO,Despejado,Buena,Sin Semáforo,Automóvil
783,127014,2021-06-29,11:15:00,Urbana,Calle,BRASIL,1200,,,,3.0,0,0.0,3,0.0,Alcance,3,Asfalto,Apto,Seca,Día,NO,Despejado,Buena,Sin Semáforo,Camioneta/Utilitario
784,106281,2021-06-28,14:00:00,Urbana,Calle,AZCUENAGA,2800,,-2.750.315,-5.880.275,1.0,1,0.0,2,0.0,,2,Asfalto,Apto,Seca,Día,NO,Despejado,Buena,Sin Semáforo,Automóvil
785,106281,2021-06-28,14:00:00,Urbana,Calle,AZCUENAGA,2800,,-2.750.315,-5.880.275,1.0,1,0.0,2,0.0,,2,Asfalto,Apto,Seca,Día,NO,Despejado,Buena,Sin Semáforo,Motocicleta
786,108451,2021-06-27,20:40:00,Urbana,Calle,CORDOBA,1100,JUNIN,,,1.0,1,0.0,2,0.0,,2,Asfalto,Apto,Seca,Noche,NO,Despejado,Buena,Sin Semáforo,Automóvil
787,108451,2021-06-27,20:40:00,Urbana,Calle,CORDOBA,1100,JUNIN,,,1.0,1,0.0,2,0.0,,2,Asfalto,Apto,Seca,Noche,NO,Despejado,Buena,Sin Semáforo,Motocicleta
788,113311,2021-06-27,06:45:00,Urbana,Calle,CARTAGENA,3091,RECONQUISTA,,,0.0,1,1.0,2,0.0,Frontal,2,Asfalto,Apto,"Despejada, Seca",Noche,,Despejado,Buena,Sin Semáforo,Camioneta/Utilitario
789,113311,2021-06-27,06:45:00,Urbana,Calle,CARTAGENA,3091,RECONQUISTA,,,0.0,1,1.0,2,0.0,Frontal,2,Asfalto,Apto,"Despejada, Seca",Noche,,Despejado,Buena,Sin Semáforo,Motocicleta
790,120725,2021-06-25,08:45:00,Urbana,Calle,ESPAÑA,1533,,,,1.0,1,0.0,2,0.0,Angulo,2,Asfalto,Apto,Seca,Día,NO,Despejado,Buena,Sin Semáforo,Automóvil
791,120725,2021-06-25,08:45:00,Urbana,Calle,ESPAÑA,1533,,,,1.0,1,0.0,2,0.0,Angulo,2,Asfalto,Apto,Seca,Día,NO,Despejado,Buena,Sin Semáforo,Bicicleta
792,113324,2021-06-25,20:00:00,,Avenida,Maipú,3260,TILCARA,,,2.0,0,0.0,2,0.0,Alcance,2,Asfalto,Apto,"Despejada, Seca",Noche,SI,,,Funciona,Automóvil
793,113324,2021-06-25,20:00:00,,Avenida,Maipú,3260,TILCARA,,,2.0,0,0.0,2,0.0,Alcance,2,Asfalto,Apto,"Despejada, Seca",Noche,SI,,,Funciona,Automóvil
794,105519,2021-06-25,00:30:00,Urbana,Calle,LARREA,4500,SUSINI,-2.749.149,-5.880.112,1.0,1,0.0,2,0.0,,2,Hormigón,Apto,Seca,Noche,SI,Despejado,Buena,Sin Semáforo,Camioneta/Utilitario
795,105519,2021-06-25,00:30:00,Urbana,Calle,LARREA,4500,SUSINI,-2.749.149,-5.880.112,1.0,1,0.0,2,0.0,,2,Hormigón,Apto,Seca,Noche,SI,Despejado,Buena,Sin Semáforo,Motocicleta
796,105910,2021-06-24,19:00:00,Urbana,Avenida,AV C. CORRENTINO,3700,GUEMES,-2.748.655,-5.880.830,0.0,2,0.0,2,0.0,,2,Hormigón,Apto,Seca,Noche,SI,Despejado,Buena,Funciona,Automóvil
797,105910,2021-06-24,19:00:00,Urbana,Avenida,AV C. CORRENTINO,3700,GUEMES,-2.748.655,-5.880.830,0.0,2,0.0,2,0.0,,2,Hormigón,Apto,Seca,Noche,SI,Despejado,Buena,Funciona,Motocicleta
798,112229,2021-06-24,09:32:00,Urbana,Calle,ROCA,2200,MORENO,-2.747.455,-5.882.345,2.0,1,0.0,3,0.0,,3,Asfalto,Apto,Seca,Día,NO,Despejado,Buena,Sin Semáforo,Automóvil
799,112229,2021-06-24,09:32:00,Urbana,Calle,ROCA,2200,MORENO,-2.747.455,-5.882.345,2.0,1,0.0,3,0.0,,3,Asfalto,Apto,Seca,Día,NO,Despejado,Buena,Sin Semáforo,Motocicleta
800,112229,2021-06-24,09:32:00,Urbana,Calle,ROCA,2200,MORENO,-2.747.455,-5.882.345,2.0,1,0.0,3,0.0,,3,Asfalto,Apto,Seca,Día,NO,Despejado,Buena,Sin Semáforo,Camioneta/Utilitario
801,123409,2021-06-23,23:18:00,Urbana,Calle,MENDOZA,,BELGRANO,,,2.0,0,0.0,2,0.0,Angulo,2,Asfalto,Apto,Seca,Día,SI,Despejado,Buena,Sin Semáforo,Automóvil
802,123409,2021-06-23,23:18:00,Urbana,Calle,MENDOZA,,BELGRANO,,,2.0,0,0.0,2,0.0,Angulo,2,Asfalto,Apto,Seca,Día,SI,Despejado,Buena,Sin Semáforo,Automóvil
803,124907,2021-06-23,10:00:00,Urbana,Calle,COLOMBIA,,ALMIRANTE BROWN,,,1.0,1,0.0,2,0.0,Angulo,2,Hormigón,Apto,Seca,Día,NO,Despejado,Buena,Sin Semáforo,Automóvil
804,124907,2021-06-23,10:00:00,Urbana,Calle,COLOMBIA,,ALMIRANTE BROWN,,,1.0,1,0.0,2,0.0,Angulo,2,Hormigón,Apto,Seca,Día,NO,Despejado,Buena,Sin Semáforo,Motocicleta
805,108415,2021-06-21,11:10:00,Urbana,Avenida,AV C. CORRENTINO,3900,PIROVANO,,,1.0,1,0.0,2,0.0,,2,Hormigón,Apto,Seca,Día,NO,Despejado,Buena,Sin Semáforo,Automóvil
806,108415,2021-06-21,11:10:00,Urbana,Avenida,AV C. CORRENTINO,3900,PIROVANO,,,1.0,1,0.0,2,0.0,,2,Hormigón,Apto,Seca,Día,NO,Despejado,Buena,Sin Semáforo,Motocicleta
807,111120,2021-06-20,08:31:00,Urbana,Avenida,AV IEBERA,2200,PAISANDU,-2.749.936,-5.882.569,1.0,0,0.0,1,0.0,,1,Asfalto,Apto,Seca,Día,NO,Despejado,Buena,Sin Semáforo,Automóvil