,id_feu,siniestro_fecha,siniestro_hora,zona_ocurrencia,via_publica,nombre_via,altura_km,entre_calle_1,latitud,longitud,ilesos,heridos,fallecidos,vehiculos,peatones,tipo_colision,cantidad_de_involucrados,material_de_la_calzada,estado_de_la_calzada,estado_fisico_ambiental,luminosidad,luz_artificial,estado_ambiental,visibilidad,semaforo,tipo_involucrado
925,93015,2021-05-20,13:10:00,Urbana,Calle,LA RIOJA,1000,BELGRANO,-2.747.194,-5.883.857,1.0,1,0.0,2,0.0,,2,Asfalto,Apto,Seca,Día,NO,Despejado,Buena,Sin Semáforo,Automóvil
926,93015,2021-05-20,13:10:00,Urbana,Calle,LA RIOJA,1000,BELGRANO,-2.747.194,-5.883.857,1.0,1,0.0,2,0.0,,2,Asfalto,Apto,Seca,Día,NO,Despejado,Buena,Sin Semáforo,Motocicleta
927,131710,2021-05-20,06:25:00,Urbana,Avenida,AV.JUAN PUJOL,2200,ROCA,,,5.0,0,0.0,2,0.0,,2,Asfalto,Apto,Seca,Día,NO,Despejado,Buena,,Motocicleta
928,131710,2021-05-20,06:25:00,Urbana,Avenida,AV.JUAN PUJOL,2200,ROCA,,,5.0,0,0.0,2,0.0,,2,Asfalto,Apto,Seca,Día,NO,Despejado,Buena,,Automóvil
929,95912,2021-05-19,17:45:00,Urbana,Calle,GRAL PAZ,3600,GUEMES,-2.748.204,-5.880.803,1.0,2,0.0,2,0.0,Angulo,2,Hormigón,Apto,Seca,Día,NO,Despejado,Buena,Sin Semáforo,Motocicleta
930,95912,2021-05-19,17:45:00,Urbana,Calle,GRAL PAZ,3600,GUEMES,-2.748.204,-5.880.803,1.0,2,0.0,2,0.0,Angulo,2,Hormigón,Apto,Seca,Día,NO,Despejado,Buena,Sin Semáforo,Transporte de carga
931,110491,2021-05-19,06:15:00,Urbana,Avenida,AV INDEPEMDENCIA,3700,TACUARI,-2.747.936,-5.880.636,0.0,1,0.0,1,0.0,,1,Hormigón,Apto,Seca,Noche,SI,Despejado,Buena,Funciona,Motocicleta
932,108414,2021-05-19,10:35:00,Urbana,Calle,TACUARI,1900,LAVALLE,,,2.0,1,0.0,2,0.0,,2,Hormigón,Apto,Seca,Día,NO,Despejado,Buena,Sin Semáforo,Motocicleta
933,108414,2021-05-19,10:35:00,Urbana,Calle,TACUARI,1900,LAVALLE,,,2.0,1,0.0,2,0.0,,2,Hormigón,Apto,Seca,Día,NO,Despejado,Buena,Sin Semáforo,Motocicleta
934,132567,2021-05-19,22:51:00,Urbana,Avenida,AV. MAIPÚ,1000,,,,2.0,0,0.0,2,0.0,Angulo,2,Asfalto,Apto,"Despejada, Seca",Noche,SI,Despejado,Buena,,Automóvil
935,132567,2021-05-19,22:51:00,Urbana,Avenida,AV. MAIPÚ,1000,,,,2.0,0,0.0,2,0.0,Angulo,2,Asfalto,Apto,"Despejada, Seca",Noche,SI,Despejado,Buena,,Motocicleta
936,119943,2021-05-19,03:50:00,Urbana,Avenida,AV. INDEPENDENCIA,,GODOY CRUZ,,,0.0,0,1.0,1,0.0,,1,,Apto,Seca,,SI,Despejado,Buena,,Motocicleta
937,107650,2021-05-16,12:20:00,Urbana,Calle,ESPAÑA,1500,RIVADAVIA,-2.747.495,-5.883.003,1.0,0,0.0,1,0.0,,1,Asfalto,Apto,Seca,Día,NO,Despejado,Buena,Sin Semáforo,Motocicleta
938,119982,2021-05-15,20:15:00,Urbana,Avenida,AV. ALTA GRACIA,2800,LOS ATACAMAS,,,1.0,1,0.0,2,0.0,,2,Asfalto,Apto,Seca,Noche,SI,Despejado,Buena,Sin Semáforo,Automóvil
939,119982,2021-05-15,20:15:00,Urbana,Avenida,AV. ALTA GRACIA,2800,LOS ATACAMAS,,,1.0,1,0.0,2,0.0,,2,Asfalto,Apto,Seca,Noche,SI,Despejado,Buena,Sin Semáforo,Motocicleta
940,130985,2021-05-14,19:00:00,Urbana,Calle,CARTAGENA,3650,TACUARÍ,,,0.0,2,0.0,2,0.0,,2,Asfalto,Apto,Seca,Día,,Despejado,Buena,,Motocicleta
941,130985,2021-05-14,19:00:00,Urbana,Calle,CARTAGENA,3650,TACUARÍ,,,0.0,2,0.0,2,0.0,,2,Asfalto,Apto,Seca,Día,,Despejado,Buena,,Motocicleta
942,110363,2021-05-14,15:07:00,Urbana,Calle,9 DE julio,1700,ESPAÑA,-2.746.705,-5.882.912,1.0,1,0.0,2,0.0,,2,Asfalto,Apto,Seca,Día,NO,Despejado,Buena,Sin Semáforo,Automóvil
943,110363,2021-05-14,15:07:00,Urbana,Calle,9 DE julio,1700,ESPAÑA,-2.746.705,-5.882.912,1.0,1,0.0,2,0.0,,2,Asfalto,Apto,Seca,Día,NO,Despejado,Buena,Sin Semáforo,Bicicleta
944,119989,2021-05-14,18:00:00,Urbana,Ruta Nacional,12,1034,AV. LIBERTAD,,,1.0,0,1.0,2,0.0,Alcance,2,Asfalto,Apto,Seca,Día,NO,Despejado,Buena,Sin Semáforo,Automóvil
945,119989,2021-05-14,18:00:00,Urbana,Ruta Nacional,12,1034,AV. LIBERTAD,,,1.0,0,1.0,2,0.0,Alcance,2,Asfalto,Apto,Seca,Día,NO,Despejado,Buena,Sin Semáforo,Bicicleta
946,112206,2021-05-13,07:44:00,Urbana,Calle,SUIZA,3300,REPUBLICA DOMINICANA,-2.747.619,-5.881.070,1.0,2,0.0,2,0.0,,2,Asfalto,Apto,Seca,Día,NO,Despejado,,Sin Semáforo,Automóvil
947,112206,2021-05-13,07:44:00,Urbana,Calle,SUIZA,3300,REPUBLICA DOMINICANA,-2.747.619,-5.881.070,1.0,2,0.0,2,0.0,,2,Asfalto,Apto,Seca,Día,NO,Despejado,,Sin Semáforo,Motocicleta
948,115140,2021-05-13,13:30:00,Urbana,Avenida,AV. 3 DE ABRIL,3400,CASTELLI,-2.747.914,-5.880.985,3.0,0,0.0,3,0.0,Alcance,3,Hormigón,Apto,Seca,Día,SI,,,Funciona,Automóvil
949,115140,2021-05-13,13:30:00,Urbana,Avenida,AV. 3 DE ABRIL,3400,CASTELLI,-2.747.914,-5.880.985,3.0,0,0.0,3,0.0,Alcance,3,Hormigón,Apto,Seca,Día,SI,,,Funciona,Automóvil
950,115140,2021-05-13,13:30:00,Urbana,Avenida,AV. 3 DE ABRIL,3400,CASTELLI,-2.747.914,-5.880.985,3.0,0,0.0,3,0.0,Alcance,3,Hormigón,Apto,Seca,Día,SI,,,Funciona,Automóvil
951,118311,2021-05-12,12:30:00,Urbana,Avenida,AV. ALTA GRACIA,2400,,,,1.0,1,0.0,2,0.0,,2,Asfalto,Apto,Seca,Día,NO,Despejado,Buena,,Automóvil
952,118311,2021-05-12,12:30:00,Urbana,Avenida,AV. ALTA GRACIA,2400,,,,1.0,1,0.0,2,0.0,,2,Asfalto,Apto,Seca,Día,NO,Despejado,Buena,,Motocicleta
953,125024,2021-05-12,18:30:00,Urbana,Calle,J.R. FERNADNEZ,470,CAPILLA DEL MONTE,,,1.0,1,0.0,2,0.0,,2,Asfalto,Apto,,Día,NO,Despejado,Buena,,Automóvil
954,125024,2021-05-12,18:30:00,Urbana,Calle,J.R. FERNADNEZ,470,CAPILLA DEL MONTE,,,1.0,1,0.0,2,0.0,,2,Asfalto,Apto,,Día,NO,Despejado,Buena,,Motocicleta
955,106225,2021-05-12,09:20:00,Urbana,Calle,TACUARI,1680,,-2.748.011,-5.880.640,1.0,0,0.0,1,0.0,,1,Asfalto,Apto,Seca,Día,NO,Despejado,Buena,Sin Semáforo,Motocicleta
956,122552,2021-05-12,01:20:00,Urbana,Avenida,AV. CENTENARIO,,RESOAGLI,-2.748.754,-5.872.507,1.0,1,0.0,2,0.0,,2,Asfalto,Apto,Seca,Noche,SI,Despejado,Buena,,Motocicleta
957,122552,2021-05-12,01:20:00,Urbana,Avenida,AV. CENTENARIO,,RESOAGLI,-2.748.754,-5.872.507,1.0,1,0.0,2,0.0,,2,Asfalto,Apto,Seca,Noche,SI,Despejado,Buena,,Motocicleta
958,108419,2021-05-11,06:30:00,Urbana,Avenida,AV CHACABUCO,1900,LAS HERAS,,,0.0,1,0.0,1,0.0,,1,Asfalto,Apto,Seca,Amanecer,SI,Despejado,Buena,Sin Semáforo,Motocicleta
959,126368,2021-05-10,18:10:00,Urbana,Calle,9 DE julio,1700,JUJUY,,,3.0,0,0.0,2,0.0,,2,Asfalto,Apto,,Día,NO,Despejado,Buena,,Automóvil
960,126368,2021-05-10,18:10:00,Urbana,Calle,9 DE julio,1700,JUJUY,,,3.0,0,0.0,2,0.0,,2,Asfalto,Apto,,Día,NO,Despejado,Buena,,Camioneta/Utilitario
961,106280,2021-05-10,22:40:00,Urbana,Avenida,AV INDEPENDENCIA,3300,J.J.PASO (DOMINICANA),-2.747.887,-5.881.162,1.0,1,0.0,2,0.0,,2,Asfalto,Apto,Seca,Noche,SI,Despejado,Buena,Funciona,Camioneta/Utilitario
962,106280,2021-05-10,22:40:00,Urbana,Avenida,AV INDEPENDENCIA,3300,J.J.PASO (DOMINICANA),-2.747.887,-5.881.162,1.0,1,0.0,2,0.0,,2,Asfalto,Apto,Seca,Noche,SI,Despejado,Buena,Funciona,Motocicleta
963,112190,2021-05-09,12:30:00,Urbana,Ruta Nacional,12,1062,,-2.751.193,-5.876.930,1.0,1,0.0,2,0.0,,2,Asfalto,Apto,Seca,Día,NO,Despejado,Buena,,Camioneta/Utilitario
964,112190,2021-05-09,12:30:00,Urbana,Ruta Nacional,12,1062,,-2.751.193,-5.876.930,1.0,1,0.0,2,0.0,,2,Asfalto,Apto,Seca,Día,NO,Despejado,Buena,,Motocicleta
965,113321,2021-05-07,14:30:00,Urbana,Calle,San Lorenzo,1271,Belgrano,,,2.0,0,0.0,2,0.0,,2,Asfalto,Apto,Seca,Día,NO,Despejado,Buena,,Motocicleta
966,113321,2021-05-07,14:30:00,Urbana,Calle,San Lorenzo,1271,Belgrano,,,2.0,0,0.0,2,0.0,,2,Asfalto,Apto,Seca,Día,NO,Despejado,Buena,,Automóvil
967,131000,2021-05-07,11:20:00,Urbana,Calle,SALTA,,SAN JUAN,,,2.0,0,0.0,2,0.0,,2,Asfalto,Apto,,Día,NO,Despejado,Buena,,Automóvil
968,131000,2021-05-07,11:20:00,Urbana,Calle,SALTA,,SAN JUAN,,,2.0,0,0.0,2,0.0,,2,Asfalto,Apto,,Día,NO,Despejado,Buena,,Motocicleta
969,96776,2021-05-07,23:30:00,Urbana,Avenida,AV INDEPENDENCIA,5200,SANCHEZ DE BUSTAMANTE,-2.748.404,-5.878.829,2.0,1,0.0,2,0.0,,2,Hormigón,Apto,Seca,Noche,SI,Despejado,Buena,Funciona,Automóvil
970,96776,2021-05-07,23:30:00,Urbana,Avenida,AV INDEPENDENCIA,5200,SANCHEZ DE BUSTAMANTE,-2.748.404,-5.878.829,2.0,1,0.0,2,0.0,,2,Hormigón,Apto,Seca,Noche,SI,Despejado,Buena,Funciona,Motocicleta
971,106217,2021-05-06,10:48:00,Urbana,Avenida,AV MAIPU,2777,,-2.750.464,-5.881.172,1.0,1,0.0,2,0.0,,2,Asfalto,Apto,Mojada,Día,NO,Despejado,Buena,Sin Semáforo,Camioneta/Utilitario
972,106217,2021-05-06,10:48:00,Urbana,Avenida,AV MAIPU,2777,,-2.750.464,-5.881.172,1.0,1,0.0,2,0.0,,2,Asfalto,Apto,Mojada,Día,NO,Despejado,Buena,Sin Semáforo,Motocicleta
973,104757,2021-05-04,19:45:00,Urbana,Avenida,AV MAIPU,3060,,-2.751.374,-5.880.720,1.0,2,0.0,2,0.0,,2,Asfalto,Apto,,Noche,SI,Despejado,Buena,Sin Semáforo,Automóvil
974,104757,2021-05-04,19:45:00,Urbana,Avenida,AV MAIPU,3060,,-2.751.374,-5.880.720,1.0,2,0.0,2,0.0,,2,Asfalto,Apto,,Noche,SI,Despejado,Buena,Sin Semáforo,Motocicleta
975,106218,2021-05-03,17:15:00,Urbana,Calle,GENERAL PAZ,3600,GUEMEZ,-2.748.208,-5.880.804,2.0,1,0.0,2,0.0,,2,Hormigón,,Seca,Día,NO,Nublado,Buena,Sin Semáforo,Motocicleta
976,106218,2021-05-03,17:15:00,Urbana,Calle,GENERAL PAZ,3600,GUEMEZ,-2.748.208,-5.880.804,2.0,1,0.0,2,0.0,,2,Hormigón,,Seca,Día,NO,Nublado,Buena,Sin Semáforo,Motocicleta
977,118288,2021-05-02,19:15:00,Urbana,Calle,W.DOMINGUEZ,,PITAGORAS,,,0.0,1,0.0,1,0.0,,1,Hormigón,Apto,Seca,Día,NO,Despejado,,Sin Semáforo,Motocicleta
978,127952,2021-05-01,14:25:00,Urbana,Calle,H IROGOYEN,2100,ROCA,,,1.0,2,0.0,3,0.0,Alcance,3,Hormigón,Apto,Seca,Día,NO,Despejado,Buena,Sin Semáforo,Transporte de pasajeros
979,127952,2021-05-01,14:25:00,Urbana,Calle,H IROGOYEN,2100,ROCA,,,1.0,2,0.0,3,0.0,Alcance,3,Hormigón,Apto,Seca,Día,NO,Despejado,Buena,Sin Semáforo,Automóvil
980,127952,2021-05-01,14:25:00,Urbana,Calle,H IROGOYEN,2100,ROCA,,,1.0,2,0.0,3,0.0,Alcance,3,Hormigón,Apto,Seca,Día,NO,Despejado,Buena,Sin Semáforo,Automóvil
981,129577,2021-05-01,20:19:00,Urbana,Calle,CARTAGENA,,GUEMES,,,2.0,0,0.0,2,0.0,,2,,Apto,Seca,Día,NO,,Buena,,Motocicleta
982,129577,2021-05-01,20:19:00,Urbana,Calle,CARTAGENA,,GUEMES,,,2.0,0,0.0,2,0.0,,2,,Apto,Seca,Día,NO,,Buena,,Motocicleta
983,120748,2021-04-28,18:45:00,Urbana,Avenida,AV. CHACABUCO,,ESTADO DE ISRAEL,,,2.0,1,0.0,3,0.0,,3,Asfalto,Apto,Seca,Día,NO,Despejado,,Sin Semáforo,Automóvil
984,120748,2021-04-28,18:45:00,Urbana,Avenida,AV. CHACABUCO,,ESTADO DE ISRAEL,,,2.0,1,0.0,3,0.0,,3,Asfalto,Apto,Seca,Día,NO,Despejado,,Sin Semáforo,Motocicleta
985,120748,2021-04-28,18:45:00,Urbana,Avenida,AV. CHACABUCO,,ESTADO DE ISRAEL,,,2.0,1,0.0,3,0.0,,3,Asfalto,Apto,Seca,Día,NO,Despejado,,Sin Semáforo,Motocicleta
986,106213,2021-04-26,17:00:00,Urbana,Calle,CATAMARCA,1100,SAN  MARTIN,-2.747.017,-5.883.333,2.0,0,0.0,2,0.0,,2,Asfalto,Apto,Seca,Día,NO,Despejado,Buena,Sin Semáforo,Motocicleta
987,106213,2021-04-26,17:00:00,Urbana,Calle,CATAMARCA,1100,SAN  MARTIN,-2.747.017,-5.883.333,2.0,0,0.0,2,0.0,,2,Asfalto,Apto,Seca,Día,NO,Despejado,Buena,Sin Semáforo,Automóvil
988,122799,2021-04-26,22:55:00,Urbana,Avenida,Av.Independencia,4200,Las Piedras,-2.748.402,-5.878.406,1.0,1,0.0,2,0.0,Angulo,2,Hormigón,Apto,Seca,Noche,SI,Despejado,Buena,Funciona,Automóvil
989,122799,2021-04-26,22:55:00,Urbana,Avenida,Av.Independencia,4200,Las Piedras,-2.748.402,-5.878.406,1.0,1,0.0,2,0.0,Angulo,2,Hormigón,Apto,Seca,Noche,SI,Despejado,Buena,Funciona,Motocicleta
990,129572,2021-04-24,09:07:00,Urbana,Calle,AV. 3DE ABRIL,600,ALBERDI,-2.747.500,-5.884.432,1.0,0,0.0,1,0.0,,1,Asfalto,Apto,Seca,Día,NO,Despejado,Buena,,Motocicleta
991,123431,2021-04-23,01:45:00,Urbana,Avenida,AV. ARMENIA,4100,LOS TILOS,,,2.0,0,0.0,2,0.0,Alcance,2,Asfalto,Apto,Seca,Noche,SI,Despejado,Buena,,Automóvil
992,123431,2021-04-23,01:45:00,Urbana,Avenida,AV. ARMENIA,4100,LOS TILOS,,,2.0,0,0.0,2,0.0,Alcance,2,Asfalto,Apto,Seca,Noche,SI,Despejado,Buena,,Camioneta/Utilitario
993,108450,2021-04-22,22:35:00,Urbana,Avenida,AV C. CORRENTINO,5800,AV MONTE CARLOS,,,1.0,1,0.0,2,0.0,Angulo,2,Hormigón,Apto,,Noche,SI,Despejado,Buena,Funciona,Automóvil
994,108450,2021-04-22,22:35:00,Urbana,Avenida,AV C. CORRENTINO,5800,AV MONTE CARLOS,,,1.0,1,0.0,2,0.0,Angulo,2,Hormigón,Apto,,Noche,SI,Despejado,Buena,Funciona,Motocicleta
995,119122,2021-04-22,16:30:00,Urbana,Avenida,ROTONDA DE LA VIRGEN,5000,RUTA 12,,,2.0,0,0.0,2,0.0,,2,Asfalto,Apto,Seca,Día,NO,Despejado,Buena,,Automóvil
996,119122,2021-04-22,16:30:00,Urbana,Avenida,ROTONDA DE LA VIRGEN,5000,RUTA 12,,,2.0,0,0.0,2,0.0,,2,Asfalto,Apto,Seca,Día,NO,Despejado,Buena,,Motocicleta
997,105565,2021-04-22,22:50:00,Urbana,Avenida,AV SARMIENTO,1680,LAVALLE,-2.747.770,-5.883.027,2.0,0,0.0,2,0.0,,2,Asfalto,Apto,Seca,Noche,SI,Despejado,Buena,Sin Semáforo,Automóvil
998,105565,2021-04-22,22:50:00,Urbana,Avenida,AV SARMIENTO,1680,LAVALLE,-2.747.770,-5.883.027,2.0,0,0.0,2,0.0,,2,Asfalto,Apto,Seca,Noche,SI,Despejado,Buena,Sin Semáforo,Automóvil
999,126265,2021-04-22,08:00:00,Urbana,Avenida,Avenida Ferre,2576,Chile,-2.747.822,-5.881.745,3.0,0,0.0,2,0.0,Alcance,2,Asfalto,Apto,,Día,NO,Despejado,Buena,,Automóvil
1000,126265,2021-04-22,08:00:00,Urbana,Avenida,Avenida Ferre,2576,Chile,-2.747.822,-5.881.745,3.0,0,0.0,2,0.0,Alcance,2,Asfalto,Apto,,Día,NO,Despejado,Buena,,Automóvil
1001,132602,2021-04-22,09:50:00,Urbana,Avenida,AV. INDEPENDENCIA,2300,TACUARI,,,,1,0.0,1,0.0,,1,Asfalto,Apto,Seca,Día,NO,Despejado,Buena,Funciona,Bicicleta
1002,107646,2021-04-21,08:10:00,Urbana,Calle,BELGRANO,1100,SAN JUAN,-2.747.202,-5.883.719,1.0,1,0.0,2,0.0,,2,Asfalto,Apto,Seca,Día,NO,Despejado,Buena,Sin Semáforo,Automóvil
1003,107646,2021-04-21,08:10:00,Urbana,Calle,BELGRANO,1100,SAN JUAN,-2.747.202,-5.883.719,1.0,1,0.0,2,0.0,,2,Asfalto,Apto,Seca,Día,NO,Despejado,Buena,Sin Semáforo,Motocicleta
1004,108374,2021-04-21,11:40:00,Urbana,Ruta Provincial,5,1,AV INDEPENDENCIA,,,2.0,0,0.0,2,0.0,Lateral,2,Hormigón,Apto,Seca,Día,NO,Despejado,Buena,Sin Semáforo,Automóvil
1005,108374,2021-04-21,11:40:00,Urbana,Ruta Provincial,5,1,AV INDEPENDENCIA,,,2.0,0,0.0,2,0.0,Lateral,2,Hormigón,Apto,Seca,Día,NO,Despejado,Buena,Sin Semáforo,Motocicleta
1006,124117,2021-04-21,09:30:00,Urbana,Avenida,Av Maipu,800,Madariaga,-2.748.515,-5.882.423,0.0,1,0.0,1,0.0,,1,Asfalto,Apto,Seca,Día,NO,Despejado,Buena,,Motocicleta
1007,105569,2021-04-21,11:30:00,Urbana,Avenida,AV IV CENTENARIO,1200,PATAGONIA,-2.749.081,-5.883.801,0.0,2,0.0,2,0.0,Angulo,2,Hormigón,Apto,Seca,Día,NO,Despejado,Buena,Sin Semáforo,Motocicleta
1008,105569,2021-04-21,11:30:00,Urbana,Avenida,AV IV CENTENARIO,1200,PATAGONIA,-2.749.081,-5.883.801,0.0,2,0.0,2,0.0,Angulo,2,Hormigón,Apto,Seca,Día,NO,Despejado,Buena,Sin Semáforo,Motocicleta
1009,93065,2021-04-20,12:10:00,Urbana,Avenida,AV CHACABUCO,1400,MORENO,-2.747.551,-5.881.405,2.0,3,0.0,2,0.0,Angulo,2,Hormigón,Apto,Seca,Día,NO,Nublado,Buena,Funciona,Automóvil
1010,93065,2021-04-20,12:10:00,Urbana,Avenida,AV CHACABUCO,1400,MORENO,-2.747.551,-5.881.405,2.0,3,0.0,2,0.0,Angulo,2,Hormigón,Apto,Seca,Día,NO,Nublado,Buena,Funciona,Camioneta/Utilitario
1011,110432,2021-04-20,08:32:00,Urbana,Avenida,AV CUBA,6000,RUTA 12,-2.750.461,-5.877.376,1.0,1,0.0,2,0.0,,2,Asfalto,Apto,Seca,Día,NO,Despejado,Buena,Sin Semáforo,Automóvil
1012,110432,2021-04-20,08:32:00,Urbana,Avenida,AV CUBA,6000,RUTA 12,-2.750.461,-5.877.376,1.0,1,0.0,2,0.0,,2,Asfalto,Apto,Seca,Día,NO,Despejado,Buena,Sin Semáforo,Motocicleta
1013,114274,2021-04-17,12:50:00,Urbana,Calle,AV. RAUL ALFONSIN,4043,LOS TILOS,,,2.0,0,0.0,2,0.0,,2,Asfalto,Apto,Seca,Día,,Despejado,Buena,,Motocicleta
1014,114274,2021-04-17,12:50:00,Urbana,Calle,AV. RAUL ALFONSIN,4043,LOS TILOS,,,2.0,0,0.0,2,0.0,,2,Asfalto,Apto,Seca,Día,,Despejado,Buena,,Camioneta/Utilitario
1015,122996,2021-04-17,10:05:00,Urbana,Avenida,Av Maipu,1500,Asunción,-2.749.116,-5.881.981,1.0,1,0.0,2,0.0,,2,Asfalto,Apto,Seca,Día,NO,Despejado,Buena,Funciona,Automóvil
1016,122996,2021-04-17,10:05:00,Urbana,Avenida,Av Maipu,1500,Asunción,-2.749.116,-5.881.981,1.0,1,0.0,2,0.0,,2,Asfalto,Apto,Seca,Día,NO,Despejado,Buena,Funciona,Motocicleta
1017,93024,2021-04-16,22:45:00,Urbana,Ruta Provincial,5,"2,5",,-2.748.800,-5.876.359,1.0,2,0.0,3,0.0,,3,Asfalto,Apto,,Noche,SI,Despejado,,Sin Semáforo,Automóvil
1018,93024,2021-04-16,22:45:00,Urbana,Ruta Provincial,5,"2,5",,-2.748.800,-5.876.359,1.0,2,0.0,3,0.0,,3,Asfalto,Apto,,Noche,SI,Despejado,,Sin Semáforo,Motocicleta
1019,93024,2021-04-16,22:45:00,Urbana,Ruta Provincial,5,"2,5",,-2.748.800,-5.876.359,1.0,2,0.0,3,0.0,,3,Asfalto,Apto,,Noche,SI,Despejado,,Sin Semáforo,Motocicleta
1020,98270,2021-04-16,22:25:00,Urbana,Avenida,AV C.CORRENTINO,3700,TACUARI,-2.748.640,-5.880.726,2.0,1,0.0,2,0.0,,2,Hormigón,Apto,Seca,Noche,SI,Despejado,Buena,Funciona,Motocicleta
1021,98270,2021-04-16,22:25:00,Urbana,Avenida,AV C.CORRENTINO,3700,TACUARI,-2.748.640,-5.880.726,2.0,1,0.0,2,0.0,,2,Hormigón,Apto,Seca,Noche,SI,Despejado,Buena,Funciona,Motocicleta
1022,129576,2021-04-14,15:55:00,Urbana,Avenida,AV CAZADORES CORRENTINOS,3900,RESOAGLI,,,2.0,0,0.0,2,0.0,,2,Asfalto,Apto,Seca,Día,NO,Despejado,Buena,,Motocicleta
1023,129576,2021-04-14,15:55:00,Urbana,Avenida,AV CAZADORES CORRENTINOS,3900,RESOAGLI,,,2.0,0,0.0,2,0.0,,2,Asfalto,Apto,Seca,Día,NO,Despejado,Buena,,Automóvil
1024,124191,2021-04-14,01:18:00,Urbana,Avenida,Av 3 de Abril,1700,Sta Fe,-2.747.626,-5.883.138,2.0,0,0.0,2,0.0,Angulo,2,,Apto,Seca,Noche,SI,Despejado,Buena,,Automóvil
1025,124191,2021-04-14,01:18:00,Urbana,Avenida,Av 3 de Abril,1700,Sta Fe,-2.747.626,-5.883.138,2.0,0,0.0,2,0.0,Angulo,2,,Apto,Seca,Noche,SI,Despejado,Buena,,Automóvil
1026,98255,2021-04-13,16:00:00,Urbana,Avenida,AV PUJOL,2450,JUNIN,-2.746.917,-5.881.956,2.0,0,0.0,2,0.0,,2,Hormigón,Apto,Seca,Día,NO,Despejado,Buena,Sin Semáforo,Automóvil
1027,98255,2021-04-13,16:00:00,Urbana,Avenida,AV PUJOL,2450,JUNIN,-2.746.917,-5.881.956,2.0,0,0.0,2,0.0,,2,Hormigón,Apto,Seca,Día,NO,Despejado,Buena,Sin Semáforo,Automóvil
1028,105559,2021-04-13,20:05:00,Urbana,Avenida,AV 3 DE ABRIL,220,ATIENZA,-2.747.395,-5.884.943,3.0,0,0.0,3,0.0,,3,Hormigón,Apto,Seca,Noche,SI,Despejado,Buena,Sin Semáforo,Automóvil
1029,105559,2021-04-13,20:05:00,Urbana,Avenida,AV 3 DE ABRIL,220,ATIENZA,-2.747.395,-5.884.943,3.0,0,0.0,3,0.0,,3,Hormigón,Apto,Seca,Noche,SI,Despejado,Buena,Sin Semáforo,Automóvil
1030,105559,2021-04-13,20:05:00,Urbana,Avenida,AV 3 DE ABRIL,220,ATIENZA,-2.747.395,-5.884.943,3.0,0,0.0,3,0.0,,3,Hormigón,Apto,Seca,Noche,SI,Despejado,Buena,Sin Semáforo,Automóvil
1031,107687,2021-04-12,17:45:00,Urbana,Calle,NECOCHEA,800,TUCUMAN,-2.747.872,-5.884.216,1.0,1,0.0,2,0.0,,2,Asfalto,Apto,Seca,Día,SI,Despejado,Buena,Sin Semáforo,Automóvil
1032,107687,2021-04-12,17:45:00,Urbana,Calle,NECOCHEA,800,TUCUMAN,-2.747.872,-5.884.216,1.0,1,0.0,2,0.0,,2,Asfalto,Apto,Seca,Día,SI,Despejado,Buena,Sin Semáforo,Motocicleta
1033,126356,2021-04-12,14:45:00,Urbana,Avenida,AV. FERRÉ,,CHILE,,,1.0,1,0.0,2,0.0,Angulo,2,Asfalto,Apto,Seca,Día,NO,Despejado,Buena,,Automóvil
1034,126356,2021-04-12,14:45:00,Urbana,Avenida,AV. FERRÉ,,CHILE,,,1.0,1,0.0,2,0.0,Angulo,2,Asfalto,Apto,Seca,Día,NO,Despejado,Buena,,Motocicleta
1035,98276,2021-04-12,01:30:00,Urbana,Avenida,AV CHACABUCO,2000,LAS HERAS,-2.748.303,-5.881.563,1.0,1,0.0,2,0.0,Lateral,2,Hormigón,Apto,Seca,Noche,SI,Despejado,Buena,Intermitente,Camioneta/Utilitario
1036,98276,2021-04-12,01:30:00,Urbana,Avenida,AV CHACABUCO,2000,LAS HERAS,-2.748.303,-5.881.563,1.0,1,0.0,2,0.0,Lateral,2,Hormigón,Apto,Seca,Noche,SI,Despejado,Buena,Intermitente,Automóvil
1037,119131,2021-04-11,12:10:00,Urbana,Avenida,AV. CENTENARIO,5000,GORRETI,,,0.0,1,0.0,1,0.0,,1,Asfalto,Apto,Seca,Día,SI,Despejado,Buena,Sin Semáforo,Motocicleta