,id_feu,siniestro_fecha,siniestro_hora,zona_ocurrencia,via_publica,nombre_via,altura_km,entre_calle_1,latitud,longitud,ilesos,heridos,fallecidos,vehiculos,peatones,tipo_colision,cantidad_de_involucrados,material_de_la_calzada,estado_de_la_calzada,estado_fisico_ambiental,luminosidad,luz_artificial,estado_ambiental,visibilidad,semaforo,tipo_involucrado
1038,114269,2021-04-09,09:45:00,,,C. PELLEGRINI,,ESPAÑA,-2.746.603,-5.882.900,1.0,1,0.0,2,0.0,Angulo,2,Asfalto,Apto,Seca,Día,SI,Despejado,Buena,Sin Semáforo,Automóvil
1039,114269,2021-04-09,09:45:00,,,C. PELLEGRINI,,ESPAÑA,-2.746.603,-5.882.900,1.0,1,0.0,2,0.0,Angulo,2,Asfalto,Apto,Seca,Día,SI,Despejado,Buena,Sin Semáforo,Bicicleta
1040,116011,2021-04-09,10:00:00,Urbana,Avenida,AV INDEPENDENCIA,5000,,-2.748.340,-5.879.132,0.0,1,0.0,1,0.0,,1,Asfalto,Apto,Seca,Día,SI,Despejado,Buena,Sin Semáforo,Motocicleta
1041,118310,2021-04-08,19:00:00,Urbana,Ruta Provincial,RUTA 5,KILOMETRO 2,,,,2.0,0,0.0,2,0.0,,2,Asfalto,Apto,Seca,Día,NO,Despejado,Buena,,Automóvil
1042,118310,2021-04-08,19:00:00,Urbana,Ruta Provincial,RUTA 5,KILOMETRO 2,,,,2.0,0,0.0,2,0.0,,2,Asfalto,Apto,Seca,Día,NO,Despejado,Buena,,Motocicleta
1043,131006,2021-04-08,14:20:00,Urbana,Avenida,AV. CAZADORES CORRENTINOS,,RUTA 12,,,1.0,1,0.0,2,0.0,,2,Asfalto,Apto,Seca,,NO,Despejado,Buena,,Automóvil
1044,131006,2021-04-08,14:20:00,Urbana,Avenida,AV. CAZADORES CORRENTINOS,,RUTA 12,,,1.0,1,0.0,2,0.0,,2,Asfalto,Apto,Seca,,NO,Despejado,Buena,,Motocicleta
1045,107709,2021-04-07,11:40:00,Urbana,Avenida,AV RIO CHICO,4800,VALENTIN GOMEZ,-2.746.090,-5.878.777,0.0,1,0.0,1,0.0,,1,Asfalto,Apto,Despejada,Día,NO,Despejado,Buena,Intermitente,Motocicleta
1046,126266,2021-04-07,18:13:00,Urbana,Calle,Reconquista,3100,Cartagena,-2.749.226,-5.881.572,1.0,1,0.0,2,0.0,Angulo,2,Ripio,,Seca,Día,NO,Despejado,Buena,,Automóvil
1047,126266,2021-04-07,18:13:00,Urbana,Calle,Reconquista,3100,Cartagena,-2.749.226,-5.881.572,1.0,1,0.0,2,0.0,Angulo,2,Ripio,,Seca,Día,NO,Despejado,Buena,,Motocicleta
1048,109642,2021-04-07,10:45:00,Urbana,Avenida,INDEPENDENCIA,2900,BANDA NORTE,-2.747.820,-5.881.576,1.0,1,0.0,1,1.0,,2,Hormigón,Apto,Seca,Día,NO,Despejado,Buena,Funciona,Motocicleta
1049,109642,2021-04-07,10:45:00,Urbana,Avenida,INDEPENDENCIA,2900,BANDA NORTE,-2.747.820,-5.881.576,1.0,1,0.0,1,1.0,,2,Hormigón,Apto,Seca,Día,NO,Despejado,Buena,Funciona,Peatón
1050,108912,2021-04-07,12:00:00,Urbana,Avenida,AV ARTIGAS,1200,ESTADO DE ISRAEL,-2.747.268,-5.881.893,2.0,0,0.0,2,0.0,Alcance,2,Asfalto,Apto,Seca,Día,NO,Despejado,Buena,Sin Semáforo,Motocicleta
1051,108912,2021-04-07,12:00:00,Urbana,Avenida,AV ARTIGAS,1200,ESTADO DE ISRAEL,-2.747.268,-5.881.893,2.0,0,0.0,2,0.0,Alcance,2,Asfalto,Apto,Seca,Día,NO,Despejado,Buena,Sin Semáforo,Automóvil
1052,105568,2021-04-07,00:30:00,Urbana,Calle,SALTA,700,PELLEGRINI,-2.746.513,-5.883.898,1.0,1,0.0,2,0.0,Angulo,2,Asfalto,Apto,Seca,Noche,SI,Despejado,Buena,Sin Semáforo,Automóvil
1053,105568,2021-04-07,00:30:00,Urbana,Calle,SALTA,700,PELLEGRINI,-2.746.513,-5.883.898,1.0,1,0.0,2,0.0,Angulo,2,Asfalto,Apto,Seca,Noche,SI,Despejado,Buena,Sin Semáforo,Bicicleta
1054,124207,2021-04-05,22:28:00,Urbana,Calle,ESTADOS UNIDOS,829,,-2.746.924,-5.881.329,3.0,0,0.0,2,0.0,Lateral,2,Hormigón,Apto,Seca,Noche,SI,Despejado,Buena,Sin Semáforo,Automóvil
1055,124207,2021-04-05,22:28:00,Urbana,Calle,ESTADOS UNIDOS,829,,-2.746.924,-5.881.329,3.0,0,0.0,2,0.0,Lateral,2,Hormigón,Apto,Seca,Noche,SI,Despejado,Buena,Sin Semáforo,Motocicleta
1056,98239,2021-04-04,17:21:00,Urbana,Avenida,AV C.CORRENTINOS,4200,LAS PIEDRAS,-2.748.726,-5.880.140,1.0,1,0.0,2,0.0,,2,Hormigón,Apto,Seca,Día,NO,Despejado,Buena,Funciona,Camioneta/Utilitario
1057,98239,2021-04-04,17:21:00,Urbana,Avenida,AV C.CORRENTINOS,4200,LAS PIEDRAS,-2.748.726,-5.880.140,1.0,1,0.0,2,0.0,,2,Hormigón,Apto,Seca,Día,NO,Despejado,Buena,Funciona,Motocicleta
1058,106277,2021-04-04,17:20:00,Urbana,Avenida,AV 3 DE ABRIL,1700,ESPAÑA,-2.747.638,-5.883.014,1.0,2,0.0,2,0.0,,2,Asfalto,Apto,Seca,Día,NO,Despejado,Buena,Funciona,Automóvil
1059,106277,2021-04-04,17:20:00,Urbana,Avenida,AV 3 DE ABRIL,1700,ESPAÑA,-2.747.638,-5.883.014,1.0,2,0.0,2,0.0,,2,Asfalto,Apto,Seca,Día,NO,Despejado,Buena,Funciona,Motocicleta
1060,96778,2021-04-03,01:00:00,Urbana,Avenida,AV ARMENIA,2800,MEXICO,-2.746.774,-5.881.401,2.0,0,0.0,2,0.0,,2,Asfalto,Apto,Mojada,Noche,NO,Lluvia,Lluvia,Sin Semáforo,Automóvil
1061,96778,2021-04-03,01:00:00,Urbana,Avenida,AV ARMENIA,2800,MEXICO,-2.746.774,-5.881.401,2.0,0,0.0,2,0.0,,2,Asfalto,Apto,Mojada,Noche,NO,Lluvia,Lluvia,Sin Semáforo,Motocicleta
1062,120763,2021-04-03,20:00:00,Urbana,Calle,RENACIMIENTO,2556,,,,1.0,0,0.0,1,0.0,,1,Asfalto,Apto,Seca,Noche,SI,Despejado,Buena,Sin Semáforo,Automóvil
1063,122835,2021-04-03,07:15:00,Urbana,Calle,,1000,Brasil,-2.746.858,-5.883.811,1.0,1,0.0,2,0.0,,2,Asfalto,Apto,Seca,Día,NO,Despejado,Buena,,Automóvil
1064,122835,2021-04-03,07:15:00,Urbana,Calle,,1000,Brasil,-2.746.858,-5.883.811,1.0,1,0.0,2,0.0,,2,Asfalto,Apto,Seca,Día,NO,Despejado,Buena,,Motocicleta
1065,124147,2021-04-01,18:15:00,Urbana,Calle,SAN JUAN,600,9 DE julio,,,1.0,1,0.0,2,0.0,,2,Asfalto,Apto,Seca,Día,NO,Despejado,Buena,,Automóvil
1066,124147,2021-04-01,18:15:00,Urbana,Calle,SAN JUAN,600,9 DE julio,,,1.0,1,0.0,2,0.0,,2,Asfalto,Apto,Seca,Día,NO,Despejado,Buena,,Bicicleta
1067,132574,2021-03-31,08:30:00,Urbana,Avenida,AV. RAUL ALFONSIN,3700,,,,2.0,1,0.0,2,0.0,,2,,Apto,Seca,,NO,Despejado,Buena,,Motocicleta
1068,132574,2021-03-31,08:30:00,Urbana,Avenida,AV. RAUL ALFONSIN,3700,,,,2.0,1,0.0,2,0.0,,2,,Apto,Seca,,NO,Despejado,Buena,,Motocicleta
1069,132605,2021-03-26,22:49:00,Urbana,Calle,CHACABUCO,3400,EX VIA,,,1.0,1,0.0,2,0.0,,2,Asfalto,Apto,Seca,Noche,SI,Despejado,Buena,,Automóvil
1070,132605,2021-03-26,22:49:00,Urbana,Calle,CHACABUCO,3400,EX VIA,,,1.0,1,0.0,2,0.0,,2,Asfalto,Apto,Seca,Noche,SI,Despejado,Buena,,Motocicleta
1071,106265,2021-03-25,03:27:00,Urbana,Avenida,AV INDEPENDENCIA,3100,RECONQUISTA,-2.747.882,-5.881.353,0.0,1,0.0,1,0.0,,1,Hormigón,Apto,Seca,Noche,SI,Despejado,Buena,Sin Semáforo,Motocicleta
1072,119949,2021-03-23,15:30:00,Urbana,Avenida,MEDRANO,1164,,,,0.0,1,1.0,1,0.0,,1,Asfalto,Apto,Seca,Noche,SI,Despejado,Buena,Sin Semáforo,Motocicleta
1073,122564,2021-03-20,09:05:00,Urbana,Avenida,AV.CAZADORES CORRENTINOS,,RECONQUISTA,,,2.0,0,0.0,2,0.0,Angulo,2,Asfalto,Apto,Seca,Día,NO,Despejado,Buena,Sin Semáforo,Motocicleta
1074,122564,2021-03-20,09:05:00,Urbana,Avenida,AV.CAZADORES CORRENTINOS,,RECONQUISTA,,,2.0,0,0.0,2,0.0,Angulo,2,Asfalto,Apto,Seca,Día,NO,Despejado,Buena,Sin Semáforo,Automóvil
1075,123445,2021-03-20,19:30:00,Urbana,Avenida,ALTA GRACIA,2800,ATACAMAS,,,1.0,1,0.0,2,0.0,,2,Asfalto,Apto,Seca,Atardecer,SI,Despejado,Buena,Sin Semáforo,Automóvil
1076,123445,2021-03-20,19:30:00,Urbana,Avenida,ALTA GRACIA,2800,ATACAMAS,,,1.0,1,0.0,2,0.0,,2,Asfalto,Apto,Seca,Atardecer,SI,Despejado,Buena,Sin Semáforo,Motocicleta
1077,106273,2021-03-19,12:05:00,Urbana,Avenida,AV. R.R.ALFONSIN,3400,,-2.747.226,-5.880.815,1.0,1,0.0,2,0.0,Angulo,2,Hormigón,Apto,Seca,Día,NO,Despejado,Buena,Funciona,Automóvil
1078,106273,2021-03-19,12:05:00,Urbana,Avenida,AV. R.R.ALFONSIN,3400,,-2.747.226,-5.880.815,1.0,1,0.0,2,0.0,Angulo,2,Hormigón,Apto,Seca,Día,NO,Despejado,Buena,Funciona,Motocicleta
1079,120715,2021-03-18,16:30:00,Urbana,Avenida,AV.3 DE ABRIL,,ESPAÑA,,,2.0,0,0.0,2,0.0,Alcance,2,Asfalto,Apto,Seca,Día,NO,Despejado,Buena,Funciona,Transporte de carga
1080,120715,2021-03-18,16:30:00,Urbana,Avenida,AV.3 DE ABRIL,,ESPAÑA,,,2.0,0,0.0,2,0.0,Alcance,2,Asfalto,Apto,Seca,Día,NO,Despejado,Buena,Funciona,Automóvil
1081,123437,2021-03-17,11:40:00,Urbana,Calle,MAIPÚ,,FRAGATA HERCULES,,,2.0,0,0.0,2,0.0,,2,Asfalto,Apto,Seca,Día,NO,Despejado,Buena,Funciona,Automóvil
1082,123437,2021-03-17,11:40:00,Urbana,Calle,MAIPÚ,,FRAGATA HERCULES,,,2.0,0,0.0,2,0.0,,2,Asfalto,Apto,Seca,Día,NO,Despejado,Buena,Funciona,Automóvil
1083,93063,2021-03-17,09:50:00,Urbana,Avenida,AV 3 DE ABRIL,1400,CATAMARCA,-2.747.593,-5.883.393,2.0,0,0.0,2,0.0,,2,Asfalto,Apto,,Día,NO,Nublado,Buena,Funciona,Motocicleta
1084,93063,2021-03-17,09:50:00,Urbana,Avenida,AV 3 DE ABRIL,1400,CATAMARCA,-2.747.593,-5.883.393,2.0,0,0.0,2,0.0,,2,Asfalto,Apto,,Día,NO,Nublado,Buena,Funciona,Automóvil
1085,108369,2021-03-17,15:30:00,Urbana,Calle,PARAGUAY,1600,LAVALLE,,,2.0,0,0.0,2,0.0,Alcance,2,Asfalto,Apto,Seca,Noche,NO,Despejado,Buena,Sin Semáforo,Automóvil
1086,108369,2021-03-17,15:30:00,Urbana,Calle,PARAGUAY,1600,LAVALLE,,,2.0,0,0.0,2,0.0,Alcance,2,Asfalto,Apto,Seca,Noche,NO,Despejado,Buena,Sin Semáforo,Automóvil
1087,108454,2021-03-16,13:20:00,Urbana,Ruta Provincial,RUTA NACIONAL Nª 12,6500,AVLIBERTAD,,,2.0,0,0.0,2,0.0,,2,Hormigón,Apto,Seca,Día,NO,Despejado,Buena,Sin Semáforo,Automóvil
1088,108454,2021-03-16,13:20:00,Urbana,Ruta Provincial,RUTA NACIONAL Nª 12,6500,AVLIBERTAD,,,2.0,0,0.0,2,0.0,,2,Hormigón,Apto,Seca,Día,NO,Despejado,Buena,Sin Semáforo,Automóvil
1089,131713,2021-03-15,12:00:00,Urbana,Calle,RIOJA,,SAN MARTIN,,,2.0,0,0.0,2,0.0,Angulo,2,Asfalto,Apto,,Día,NO,Despejado,Buena,,Motocicleta
1090,131713,2021-03-15,12:00:00,Urbana,Calle,RIOJA,,SAN MARTIN,,,2.0,0,0.0,2,0.0,Angulo,2,Asfalto,Apto,,Día,NO,Despejado,Buena,,Automóvil
1091,98272,2021-03-14,12:58:00,Urbana,Avenida,AV MAIPU,6500,RUTA 12,-2.753.049,-5.876.187,1.0,1,0.0,2,0.0,Alcance,2,Asfalto,Apto,Seca,Día,NO,Despejado,Buena,Sin Semáforo,Motocicleta
1092,98272,2021-03-14,12:58:00,Urbana,Avenida,AV MAIPU,6500,RUTA 12,-2.753.049,-5.876.187,1.0,1,0.0,2,0.0,Alcance,2,Asfalto,Apto,Seca,Día,NO,Despejado,Buena,Sin Semáforo,Motocicleta
1093,98765,2021-03-13,11:50:00,Urbana,Avenida,GOBERNADOR RUIZ,2780,MEXICO,-2.746.749,-5.881.437,1.0,1,0.0,2,0.0,Angulo,2,Asfalto,Apto,Seca,Día,NO,Despejado,Buena,Sin Semáforo,Motocicleta
1094,98765,2021-03-13,11:50:00,Urbana,Avenida,GOBERNADOR RUIZ,2780,MEXICO,-2.746.749,-5.881.437,1.0,1,0.0,2,0.0,Angulo,2,Asfalto,Apto,Seca,Día,NO,Despejado,Buena,Sin Semáforo,Automóvil
1095,104765,2021-03-13,10:20:00,Urbana,Avenida,AV FERRE,2200,ROCA,-2.747.716,-5.882.364,1.0,1,0.0,2,0.0,,2,Asfalto,Apto,Seca,Día,,Despejado,Buena,Funciona,Automóvil
1096,104765,2021-03-13,10:20:00,Urbana,Avenida,AV FERRE,2200,ROCA,-2.747.716,-5.882.364,1.0,1,0.0,2,0.0,,2,Asfalto,Apto,Seca,Día,,Despejado,Buena,Funciona,Automóvil
1097,108438,2021-03-13,10:40:00,Urbana,Calle,BUIDOBRO,2300,3 DE febrero,-2.748.427,-5.882.007,0.0,1,0.0,1,0.0,,1,Asfalto,Apto,Despejada,Día,NO,Despejado,Buena,Sin Semáforo,Motocicleta
1098,123425,2021-03-13,00:10:00,Urbana,Calle,SARMIENTO,2600,USUAHIA,,,1.0,1,0.0,2,0.0,Alcance,2,Asfalto,Apto,Seca,Noche,NO,Despejado,Buena,Sin Semáforo,Automóvil
1099,123425,2021-03-13,00:10:00,Urbana,Calle,SARMIENTO,2600,USUAHIA,,,1.0,1,0.0,2,0.0,Alcance,2,Asfalto,Apto,Seca,Noche,NO,Despejado,Buena,Sin Semáforo,Automóvil
1100,132577,2021-03-12,19:55:00,Urbana,Calle,LAVALLE,,ALBERDI,,,2.0,0,0.0,2,0.0,Angulo,2,Asfalto,Apto,Seca,Atardecer,NO,Despejado,Buena,Sin Semáforo,Automóvil
1101,132577,2021-03-12,19:55:00,Urbana,Calle,LAVALLE,,ALBERDI,,,2.0,0,0.0,2,0.0,Angulo,2,Asfalto,Apto,Seca,Atardecer,NO,Despejado,Buena,Sin Semáforo,Automóvil
1102,120741,2021-03-11,17:55:00,Urbana,Avenida,INDEPENDENCIA,3300,,,,4.0,0,0.0,4,0.0,Alcance,4,Asfalto,Apto,Seca,Día,NO,Despejado,Buena,Funciona,Automóvil
1103,120741,2021-03-11,17:55:00,Urbana,Avenida,INDEPENDENCIA,3300,,,,4.0,0,0.0,4,0.0,Alcance,4,Asfalto,Apto,Seca,Día,NO,Despejado,Buena,Funciona,Automóvil
1104,120741,2021-03-11,17:55:00,Urbana,Avenida,INDEPENDENCIA,3300,,,,4.0,0,0.0,4,0.0,Alcance,4,Asfalto,Apto,Seca,Día,NO,Despejado,Buena,Funciona,Camioneta/Utilitario
1105,120741,2021-03-11,17:55:00,Urbana,Avenida,INDEPENDENCIA,3300,,,,4.0,0,0.0,4,0.0,Alcance,4,Asfalto,Apto,Seca,Día,NO,Despejado,Buena,Funciona,Automóvil
1106,128318,2021-03-10,08:42:00,Urbana,Calle,LAS HERAS,2275,ROCA,,,2.0,0,0.0,2,0.0,,2,Asfalto,Apto,Seca,Día,NO,Despejado,Buena,,Automóvil
1107,128318,2021-03-10,08:42:00,Urbana,Calle,LAS HERAS,2275,ROCA,,,2.0,0,0.0,2,0.0,,2,Asfalto,Apto,Seca,Día,NO,Despejado,Buena,,Automóvil
1108,104763,2021-03-08,15:10:00,Urbana,Calle,SALTA,1400,M.MORENO,-2.747.302,-5.883.949,0.0,3,0.0,2,0.0,,2,Asfalto,Apto,Seca,Día,SI,Despejado,Buena,Sin Semáforo,Automóvil
1109,104763,2021-03-08,15:10:00,Urbana,Calle,SALTA,1400,M.MORENO,-2.747.302,-5.883.949,0.0,3,0.0,2,0.0,,2,Asfalto,Apto,Seca,Día,SI,Despejado,Buena,Sin Semáforo,Motocicleta
1110,106260,2021-03-08,08:45:00,Urbana,Avenida,AV SANTA ROSA,2000,LAS HERAS,-2.748.241,-5.882.046,1.0,1,0.0,2,0.0,,2,Asfalto,Apto,Seca,Día,NO,Despejado,Buena,Sin Semáforo,Automóvil
1111,106260,2021-03-08,08:45:00,Urbana,Avenida,AV SANTA ROSA,2000,LAS HERAS,-2.748.241,-5.882.046,1.0,1,0.0,2,0.0,,2,Asfalto,Apto,Seca,Día,NO,Despejado,Buena,Sin Semáforo,Motocicleta
1112,110442,2021-03-06,11:50:00,Urbana,Calle,PARAGUAY,1900,BELGRANO,-2.747.304,-5.882.708,1.0,2,0.0,2,0.0,,2,Asfalto,Apto,Despejada,Día,NO,Despejado,Buena,Sin Semáforo,Automóvil
1113,110442,2021-03-06,11:50:00,Urbana,Calle,PARAGUAY,1900,BELGRANO,-2.747.304,-5.882.708,1.0,2,0.0,2,0.0,,2,Asfalto,Apto,Despejada,Día,NO,Despejado,Buena,Sin Semáforo,Motocicleta
1114,118305,2021-03-06,20:55:00,Urbana,Avenida,AV FERRE,,AV ARTIGAS,,,0.0,2,0.0,1,1.0,,2,Asfalto,Apto,Seca,Día,NO,Despejado,Buena,Funciona,Motocicleta
1115,118305,2021-03-06,20:55:00,Urbana,Avenida,AV FERRE,,AV ARTIGAS,,,0.0,2,0.0,1,1.0,,2,Asfalto,Apto,Seca,Día,NO,Despejado,Buena,Funciona,Peatón
1116,112233,2021-03-05,06:10:00,Urbana,Calle,CARTAGENA,3100,RECONQUISTA,,,1.0,1,1.0,2,0.0,,2,Hormigón,Apto,Seca,Amanecer,NO,Despejado,Buena,Sin Semáforo,Automóvil
1117,112233,2021-03-05,06:10:00,Urbana,Calle,CARTAGENA,3100,RECONQUISTA,,,1.0,1,1.0,2,0.0,,2,Hormigón,Apto,Seca,Amanecer,NO,Despejado,Buena,Sin Semáforo,Motocicleta
1118,124120,2021-03-05,08:10:00,Urbana,Avenida,Av 3 de Abril,700,Tucuman,-2.747.487,-5.884.219,2.0,0,0.0,2,0.0,,2,Asfalto,Apto,,Día,NO,Despejado,,,Automóvil
1119,124120,2021-03-05,08:10:00,Urbana,Avenida,Av 3 de Abril,700,Tucuman,-2.747.487,-5.884.219,2.0,0,0.0,2,0.0,,2,Asfalto,Apto,,Día,NO,Despejado,,,Camioneta/Utilitario
1120,96777,2021-03-04,12:30:00,Urbana,Calle,ALTE BROWN,2700,COLOMBIA,-2.747.398,-5.881.751,2.0,0,0.0,2,0.0,Alcance,2,Asfalto,Apto,Despejada,Día,NO,Despejado,Buena,Sin Semáforo,Automóvil
1121,96777,2021-03-04,12:30:00,Urbana,Calle,ALTE BROWN,2700,COLOMBIA,-2.747.398,-5.881.751,2.0,0,0.0,2,0.0,Alcance,2,Asfalto,Apto,Despejada,Día,NO,Despejado,Buena,Sin Semáforo,Camioneta/Utilitario
1122,115154,2021-03-04,12:40:00,Urbana,Calle,,2666,COLOMBIA,-2.747.173,-5.881.699,1.0,1,0.0,2,0.0,Angulo,2,Hormigón,Apto,Seca,Día,SI,Despejado,Buena,Sin Semáforo,Automóvil
1123,115154,2021-03-04,12:40:00,Urbana,Calle,,2666,COLOMBIA,-2.747.173,-5.881.699,1.0,1,0.0,2,0.0,Angulo,2,Hormigón,Apto,Seca,Día,SI,Despejado,Buena,Sin Semáforo,Automóvil
1124,105566,2021-03-03,17:10:00,Urbana,Avenida,AV 3 DE ABRIL,830,BUENOS AIRES,-2.747.496,-5.884.116,3.0,0,0.0,2,0.0,,2,Asfalto,Apto,Seca,Día,NO,Despejado,Buena,Funciona,Automóvil
1125,105566,2021-03-03,17:10:00,Urbana,Avenida,AV 3 DE ABRIL,830,BUENOS AIRES,-2.747.496,-5.884.116,3.0,0,0.0,2,0.0,,2,Asfalto,Apto,Seca,Día,NO,Despejado,Buena,Funciona,Automóvil
1126,119142,2021-02-27,10:00:00,Urbana,Calle,AV.ARTIGAS,,SAN MARTIN,,,2.0,0,0.0,2,0.0,Alcance,2,Asfalto,Apto,Seca,Día,NO,Despejado,Buena,Funciona,Motocicleta
1127,119142,2021-02-27,10:00:00,Urbana,Calle,AV.ARTIGAS,,SAN MARTIN,,,2.0,0,0.0,2,0.0,Alcance,2,Asfalto,Apto,Seca,Día,NO,Despejado,Buena,Funciona,Automóvil
1128,109646,2021-02-27,22:18:00,Urbana,Calle,AV MAIPU,1300,,-2.748.871,-5.882.152,1.0,1,0.0,2,0.0,,2,Asfalto,Apto,Seca,Noche,SI,Despejado,Buena,Sin Semáforo,Automóvil
1129,109646,2021-02-27,22:18:00,Urbana,Calle,AV MAIPU,1300,,-2.748.871,-5.882.152,1.0,1,0.0,2,0.0,,2,Asfalto,Apto,Seca,Noche,SI,Despejado,Buena,Sin Semáforo,Motocicleta
1130,110385,2021-02-27,10:05:00,Urbana,Calle,PIO XII,1200,EX VIA,-2.747.645,-5.883.651,1.0,1,0.0,2,0.0,,2,Asfalto,Apto,Seca,Día,NO,Despejado,Buena,Sin Semáforo,Motocicleta
1131,110385,2021-02-27,10:05:00,Urbana,Calle,PIO XII,1200,EX VIA,-2.747.645,-5.883.651,1.0,1,0.0,2,0.0,,2,Asfalto,Apto,Seca,Día,NO,Despejado,Buena,Sin Semáforo,Camioneta/Utilitario
1132,124198,2021-02-26,22:23:00,Urbana,Calle,milan,,xxxx,,,1.0,1,0.0,2,0.0,Alcance,2,Asfalto,Apto,Seca,Noche,SI,Despejado,Buena,Sin Semáforo,Motocicleta
1133,124198,2021-02-26,22:23:00,Urbana,Calle,milan,,xxxx,,,1.0,1,0.0,2,0.0,Alcance,2,Asfalto,Apto,Seca,Noche,SI,Despejado,Buena,Sin Semáforo,Motocicleta
1134,126972,2021-02-25,19:15:00,Urbana,Calle,PARAGUAY,1300,BELGRANO,,,2.0,0,0.0,2,0.0,Lateral,2,Asfalto,Apto,Seca,Día,NO,Despejado,Buena,Sin Semáforo,Automóvil
1135,126972,2021-02-25,19:15:00,Urbana,Calle,PARAGUAY,1300,BELGRANO,,,2.0,0,0.0,2,0.0,Lateral,2,Asfalto,Apto,Seca,Día,NO,Despejado,Buena,Sin Semáforo,Motocicleta
1136,129557,2021-02-25,17:20:00,Urbana,Avenida,AV. MAIPU,6500,,,,1.0,1,0.0,2,0.0,,2,Asfalto,Apto,Seca,Día,NO,Despejado,Buena,,Automóvil
1137,129557,2021-02-25,17:20:00,Urbana,Avenida,AV. MAIPU,6500,,,,1.0,1,0.0,2,0.0,,2,Asfalto,Apto,Seca,Día,NO,Despejado,Buena,,Motocicleta
1138,106215,2021-02-25,07:50:00,Urbana,Calle,9 DE julio,1700,ESPAÑA,-2.746.708,-5.882.905,1.0,1,0.0,2,0.0,,2,Asfalto,Apto,Seca,Día,NO,Despejado,Buena,Sin Semáforo,Camioneta/Utilitario
1139,106215,2021-02-25,07:50:00,Urbana,Calle,9 DE julio,1700,ESPAÑA,-2.746.708,-5.882.905,1.0,1,0.0,2,0.0,,2,Asfalto,Apto,Seca,Día,NO,Despejado,Buena,Sin Semáforo,Motocicleta
1140,119116,2021-02-25,07:15:00,Urbana,Avenida,,,RIO JURAMENTO,,,1.0,1,0.0,2,0.0,Angulo,2,Asfalto,Apto,Seca,Amanecer,NO,Despejado,Buena,Sin Semáforo,Motocicleta
1141,119116,2021-02-25,07:15:00,Urbana,Avenida,,,RIO JURAMENTO,,,1.0,1,0.0,2,0.0,Angulo,2,Asfalto,Apto,Seca,Amanecer,NO,Despejado,Buena,Sin Semáforo,Transporte de pasajeros
1142,108455,2021-02-24,17:30:00,Urbana,Avenida,AV CARTAGENA,4700,AV MEDRANO,,,1.0,2,0.0,2,0.0,,2,Asfalto,Apto,Seca,Atardecer,NO,Despejado,Buena,Sin Semáforo,Motocicleta
1143,108455,2021-02-24,17:30:00,Urbana,Avenida,AV CARTAGENA,4700,AV MEDRANO,,,1.0,2,0.0,2,0.0,,2,Asfalto,Apto,Seca,Atardecer,NO,Despejado,Buena,Sin Semáforo,Motocicleta
1144,129556,2021-02-22,08:31:00,Urbana,Avenida,INDEPENDENCIA,31273,,,,3.0,0,0.0,3,0.0,,3,Asfalto,Apto,Seca,Día,NO,Despejado,Buena,Funciona,Automóvil
1145,129556,2021-02-22,08:31:00,Urbana,Avenida,INDEPENDENCIA,31273,,,,3.0,0,0.0,3,0.0,,3,Asfalto,Apto,Seca,Día,NO,Despejado,Buena,Funciona,Automóvil
1146,129556,2021-02-22,08:31:00,Urbana,Avenida,INDEPENDENCIA,31273,,,,3.0,0,0.0,3,0.0,,3,Asfalto,Apto,Seca,Día,NO,Despejado,Buena,Funciona,Automóvil
1147,108461,2021-02-22,12:40:00,Urbana,Avenida,AV PATAGONIA,1700,BONASTRE,,,1.0,1,0.0,2,0.0,Angulo,2,Asfalto,Apto,Seca,Día,NO,Despejado,Buena,Sin Semáforo,Automóvil
1148,108461,2021-02-22,12:40:00,Urbana,Avenida,AV PATAGONIA,1700,BONASTRE,,,1.0,1,0.0,2,0.0,Angulo,2,Asfalto,Apto,Seca,Día,NO,Despejado,Buena,Sin Semáforo,Motocicleta
1149,113318,2021-02-21,12:40:00,,Calle,AV. CUBA,,TURÍN,,,1.0,1,0.0,2,0.0,Angulo,2,,Apto,Seca,Día,NO,Despejado,Buena,Sin Semáforo,Automóvil
1150,113318,2021-02-21,12:40:00,,Calle,AV. CUBA,,TURÍN,,,1.0,1,0.0,2,0.0,Angulo,2,,Apto,Seca,Día,NO,Despejado,Buena,Sin Semáforo,Motocicleta
1151,120750,2021-02-21,15:49:00,Urbana,Calle,DARRAGUEIRA,2070,,,,1.0,0,0.0,4,0.0,"Alcance, Multiple",4,Asfalto,Apto,Seca,Día,NO,Despejado,Buena,Sin Semáforo,Automóvil