,id_feu,siniestro_fecha,siniestro_hora,zona_ocurrencia,via_publica,nombre_via,altura_km,entre_calle_1,latitud,longitud,ilesos,heridos,fallecidos,vehiculos,peatones,tipo_colision,cantidad_de_involucrados,material_de_la_calzada,estado_de_la_calzada,estado_fisico_ambiental,luminosidad,luz_artificial,estado_ambiental,visibilidad,semaforo,tipo_involucrado
1152,120750,2021-02-21,15:49:00,Urbana,Calle,DARRAGUEIRA,2070,,,,1.0,0,0.0,4,0.0,"Alcance, Multiple",4,Asfalto,Apto,Seca,Día,NO,Despejado,Buena,Sin Semáforo,Automóvil
1153,120750,2021-02-21,15:49:00,Urbana,Calle,DARRAGUEIRA,2070,,,,1.0,0,0.0,4,0.0,"Alcance, Multiple",4,Asfalto,Apto,Seca,Día,NO,Despejado,Buena,Sin Semáforo,Automóvil
1154,120750,2021-02-21,15:49:00,Urbana,Calle,DARRAGUEIRA,2070,,,,1.0,0,0.0,4,0.0,"Alcance, Multiple",4,Asfalto,Apto,Seca,Día,NO,Despejado,Buena,Sin Semáforo,Automóvil
1155,111139,2021-02-21,19:50:00,Urbana,Calle,LAVALLE,1400,CATAMARCA,-2.747.745,-5.883.402,2.0,0,0.0,2,0.0,,2,Asfalto,Apto,Seca,Noche,NO,,Buena,Sin Semáforo,Automóvil
1156,111139,2021-02-21,19:50:00,Urbana,Calle,LAVALLE,1400,CATAMARCA,-2.747.745,-5.883.402,2.0,0,0.0,2,0.0,,2,Asfalto,Apto,Seca,Noche,NO,,Buena,Sin Semáforo,Motocicleta
1157,122562,2021-02-21,06:50:00,Urbana,Avenida,AV. ARMENIA,4400,,,,2.0,0,0.0,2,0.0,,2,Asfalto,Apto,Seca,Día,NO,Despejado,Buena,,Automóvil
1158,122562,2021-02-21,06:50:00,Urbana,Avenida,AV. ARMENIA,4400,,,,2.0,0,0.0,2,0.0,,2,Asfalto,Apto,Seca,Día,NO,Despejado,Buena,,Motocicleta
1159,111118,2021-02-21,00:30:00,Urbana,Calle,LA PIEDRAS,900,CARACAS,-2.747.249,-5.880.085,2.0,0,0.0,2,0.0,,2,Hormigón,Apto,Seca,Noche,NO,Despejado,Buena,Sin Semáforo,Automóvil
1160,111118,2021-02-21,00:30:00,Urbana,Calle,LA PIEDRAS,900,CARACAS,-2.747.249,-5.880.085,2.0,0,0.0,2,0.0,,2,Hormigón,Apto,Seca,Noche,NO,Despejado,Buena,Sin Semáforo,Motocicleta
1161,124193,2021-02-20,12:23:00,Urbana,Avenida,Av Ferre,2100,Brasil,-2.747.698,-5.882.505,2.0,0,0.0,2,0.0,,2,Asfalto,Apto,Seca,Día,NO,Despejado,Buena,,Automóvil
1162,124193,2021-02-20,12:23:00,Urbana,Avenida,Av Ferre,2100,Brasil,-2.747.698,-5.882.505,2.0,0,0.0,2,0.0,,2,Asfalto,Apto,Seca,Día,NO,Despejado,Buena,,Automóvil
1163,126973,2021-02-20,16:50:00,Urbana,Avenida,TACUARÍ,,AV. INDEPENDENCIA,-2.751.476,-5.875.405,2.0,0,0.0,2,0.0,Alcance,2,Hormigón,Apto,Seca,Día,NO,Despejado,Buena,Funciona,Automóvil
1164,126973,2021-02-20,16:50:00,Urbana,Avenida,TACUARÍ,,AV. INDEPENDENCIA,-2.751.476,-5.875.405,2.0,0,0.0,2,0.0,Alcance,2,Hormigón,Apto,Seca,Día,NO,Despejado,Buena,Funciona,Transporte de carga
1165,95916,2021-02-20,11:00:00,Urbana,Avenida,AV MAIPU,350,NECOCHEA,-2.747.940,-5.882.890,1.0,1,0.0,2,0.0,,2,Hormigón,,,Día,,,,Sin Semáforo,Camioneta/Utilitario
1166,95916,2021-02-20,11:00:00,Urbana,Avenida,AV MAIPU,350,NECOCHEA,-2.747.940,-5.882.890,1.0,1,0.0,2,0.0,,2,Hormigón,,,Día,,,,Sin Semáforo,Motocicleta
1167,106227,2021-02-20,08:40:00,Urbana,Calle,ESPAÑA,1400,RIVADAVIA,-2.747.504,-5.883.000,1.0,2,0.0,2,0.0,,2,Asfalto,Apto,Seca,Día,,Despejado,Buena,Sin Semáforo,Automóvil
1168,106227,2021-02-20,08:40:00,Urbana,Calle,ESPAÑA,1400,RIVADAVIA,-2.747.504,-5.883.000,1.0,2,0.0,2,0.0,,2,Asfalto,Apto,Seca,Día,,Despejado,Buena,Sin Semáforo,Motocicleta
1169,115945,2021-02-19,23:45:00,Urbana,Avenida,AV. ARMENIA,2600,COLOMBIA,-2.746.741,-5.881.609,1.0,1,0.0,2,0.0,,2,Asfalto,Apto,Seca,Noche,SI,Despejado,Buena,Sin Semáforo,Automóvil
1170,115945,2021-02-19,23:45:00,Urbana,Avenida,AV. ARMENIA,2600,COLOMBIA,-2.746.741,-5.881.609,1.0,1,0.0,2,0.0,,2,Asfalto,Apto,Seca,Noche,SI,Despejado,Buena,Sin Semáforo,Motocicleta
1171,120749,2021-02-18,16:55:00,Urbana,Avenida,AV. FERRE,,PARAGUAY,,,2.0,0,0.0,2,0.0,,2,Asfalto,Apto,Seca,Día,NO,Despejado,Buena,,Automóvil
1172,120749,2021-02-18,16:55:00,Urbana,Avenida,AV. FERRE,,PARAGUAY,,,2.0,0,0.0,2,0.0,,2,Asfalto,Apto,Seca,Día,NO,Despejado,Buena,,Transporte de carga
1173,110431,2021-02-17,11:30:00,Urbana,Avenida,AV CUBA,6500,MILAN,-2.750.518,-5.878.757,2.0,0,0.0,2,0.0,,2,Adoquín,Apto,Seca,Día,NO,Despejado,Buena,Sin Semáforo,Automóvil
1174,110431,2021-02-17,11:30:00,Urbana,Avenida,AV CUBA,6500,MILAN,-2.750.518,-5.878.757,2.0,0,0.0,2,0.0,,2,Adoquín,Apto,Seca,Día,NO,Despejado,Buena,Sin Semáforo,Motocicleta
1175,119976,2021-02-17,02:00:00,Urbana,,AV. PUJOL,,VELESARFIELD,,,2.0,0,0.0,2,0.0,Angulo,2,Asfalto,Apto,Seca,Noche,SI,Despejado,Buena,Funciona,Automóvil
1176,119976,2021-02-17,02:00:00,Urbana,,AV. PUJOL,,VELESARFIELD,,,2.0,0,0.0,2,0.0,Angulo,2,Asfalto,Apto,Seca,Noche,SI,Despejado,Buena,Funciona,Automóvil
1177,108462,2021-02-17,11:45:00,Urbana,Avenida,AV ALTA GRACIA,2400,,,,1.0,1,0.0,2,0.0,,2,Asfalto,Apto,Seca,Día,NO,Despejado,Buena,Sin Semáforo,Automóvil
1178,108462,2021-02-17,11:45:00,Urbana,Avenida,AV ALTA GRACIA,2400,,,,1.0,1,0.0,2,0.0,,2,Asfalto,Apto,Seca,Día,NO,Despejado,Buena,Sin Semáforo,Automóvil
1179,97578,2021-02-16,09:20:00,Urbana,Calle,PELLEGRINI,1842,,-2.746.619,-5.882.723,1.0,1,0.0,2,0.0,,2,Asfalto,Apto,Seca,Día,NO,Despejado,Buena,Sin Semáforo,Automóvil
1180,97578,2021-02-16,09:20:00,Urbana,Calle,PELLEGRINI,1842,,-2.746.619,-5.882.723,1.0,1,0.0,2,0.0,,2,Asfalto,Apto,Seca,Día,NO,Despejado,Buena,Sin Semáforo,Motocicleta
1181,107679,2021-02-15,08:00:00,Urbana,Calle,SAN LUIS,1200,BOLIVAR,-2.747.032,-5.884.325,1.0,1,0.0,2,0.0,,2,Asfalto,Apto,Seca,Día,NO,Despejado,Buena,Sin Semáforo,Automóvil
1182,107679,2021-02-15,08:00:00,Urbana,Calle,SAN LUIS,1200,BOLIVAR,-2.747.032,-5.884.325,1.0,1,0.0,2,0.0,,2,Asfalto,Apto,Seca,Día,NO,Despejado,Buena,Sin Semáforo,Motocicleta
1183,114277,2021-02-14,08:50:00,Urbana,Avenida,ARMENIA,4200,LUGONES,,,2.0,0,0.0,2,0.0,,2,Asfalto,Apto,,Día,NO,Despejado,Buena,Sin Semáforo,Automóvil
1184,114277,2021-02-14,08:50:00,Urbana,Avenida,ARMENIA,4200,LUGONES,,,2.0,0,0.0,2,0.0,,2,Asfalto,Apto,,Día,NO,Despejado,Buena,Sin Semáforo,Motocicleta
1185,121564,2021-02-13,16:45:00,Urbana,Avenida,AV MAIPÚ,,PAULA ALBARRACÍN,,,1.0,1,0.0,2,0.0,,2,Asfalto,Apto,Seca,Día,NO,Despejado,Buena,,Automóvil
1186,121564,2021-02-13,16:45:00,Urbana,Avenida,AV MAIPÚ,,PAULA ALBARRACÍN,,,1.0,1,0.0,2,0.0,,2,Asfalto,Apto,Seca,Día,NO,Despejado,Buena,,Motocicleta
1187,119132,2021-02-12,18:45:00,Urbana,Calle,AV. 3 DE ABRIL,,GDOR.TORRENTE,,,2.0,0,0.0,2,0.0,Angulo,2,Asfalto,Apto,Seca,Día,NO,Despejado,Buena,Funciona,Automóvil
1188,119132,2021-02-12,18:45:00,Urbana,Calle,AV. 3 DE ABRIL,,GDOR.TORRENTE,,,2.0,0,0.0,2,0.0,Angulo,2,Asfalto,Apto,Seca,Día,NO,Despejado,Buena,Funciona,Motocicleta
1189,119144,2021-02-10,12:55:00,Urbana,Calle,YRIGOYEN,2289,PERU,,,1.0,1,0.0,2,0.0,,2,Asfalto,Apto,Seca,Día,NO,Despejado,Buena,,Automóvil
1190,119144,2021-02-10,12:55:00,Urbana,Calle,YRIGOYEN,2289,PERU,,,1.0,1,0.0,2,0.0,,2,Asfalto,Apto,Seca,Día,NO,Despejado,Buena,,Bicicleta
1191,128638,2021-02-10,00:20:00,Urbana,Avenida,AV. RAUL  ALFONSIN,5000,,,,2.0,1,0.0,2,0.0,,2,Asfalto,Apto,Seca,Noche,SI,Despejado,Buena,,Automóvil
1192,128638,2021-02-10,00:20:00,Urbana,Avenida,AV. RAUL  ALFONSIN,5000,,,,2.0,1,0.0,2,0.0,,2,Asfalto,Apto,Seca,Noche,SI,Despejado,Buena,,Automóvil
1193,122553,2021-02-10,08:15:00,Urbana,Avenida,AV. JUAN DE VERA,,AV GOBERNADOR RUIZ,,,1.0,1,0.0,2,0.0,Lateral,2,Asfalto,Apto,"Despejada, Seca",Día,NO,Despejado,Buena,Sin Semáforo,Automóvil
1194,122553,2021-02-10,08:15:00,Urbana,Avenida,AV. JUAN DE VERA,,AV GOBERNADOR RUIZ,,,1.0,1,0.0,2,0.0,Lateral,2,Asfalto,Apto,"Despejada, Seca",Día,NO,Despejado,Buena,Sin Semáforo,Motocicleta
1195,122883,2021-02-10,12:00:00,Urbana,Avenida,Heroes Civiles,1000,3 de abril,-2.747.542,-5.883.908,1.0,1,0.0,2,0.0,Angulo,2,Asfalto,Apto,Despejada,Día,NO,Despejado,Buena,Funciona,Automóvil
1196,122883,2021-02-10,12:00:00,Urbana,Avenida,Heroes Civiles,1000,3 de abril,-2.747.542,-5.883.908,1.0,1,0.0,2,0.0,Angulo,2,Asfalto,Apto,Despejada,Día,NO,Despejado,Buena,Funciona,Motocicleta
1197,132569,2021-02-09,20:30:00,Urbana,Calle,CARTAGENA,,RESOAGLI,,,0.0,4,0.0,1,0.0,,1,,Apto,Seca,,NO,,Buena,,Motocicleta
1198,96775,2021-02-09,17:50:00,Urbana,Avenida,AV R.R.ALFONSIN,3800,RESOAGLI,-2.747.353,-5.880.347,2.0,1,0.0,2,0.0,,2,Hormigón,Apto,Seca,Atardecer,NO,Despejado,Buena,Sin Semáforo,Automóvil
1199,96775,2021-02-09,17:50:00,Urbana,Avenida,AV R.R.ALFONSIN,3800,RESOAGLI,-2.747.353,-5.880.347,2.0,1,0.0,2,0.0,,2,Hormigón,Apto,Seca,Atardecer,NO,Despejado,Buena,Sin Semáforo,Motocicleta
1200,95903,2021-02-08,07:20:00,Urbana,Ruta Nacional,12,1038,FRENTE CAPILLA SANTA MARAVILLA DE JESUS,-2.743.206,-5.872.907,2.0,0,2.0,2,0.0,,2,Hormigón,Apto,Seca,Día,NO,Despejado,Buena,Sin Semáforo,Motocicleta
1201,95903,2021-02-08,07:20:00,Urbana,Ruta Nacional,12,1038,FRENTE CAPILLA SANTA MARAVILLA DE JESUS,-2.743.206,-5.872.907,2.0,0,2.0,2,0.0,,2,Hormigón,Apto,Seca,Día,NO,Despejado,Buena,Sin Semáforo,Automóvil
1202,119118,2021-02-08,10:30:00,Urbana,Calle,TENIENTE IBAÑEZ,,ELIAS ABAD,,,1.0,1,0.0,2,0.0,,2,Hormigón,Apto,,Día,NO,Despejado,Buena,Sin Semáforo,Motocicleta
1203,119118,2021-02-08,10:30:00,Urbana,Calle,TENIENTE IBAÑEZ,,ELIAS ABAD,,,1.0,1,0.0,2,0.0,,2,Hormigón,Apto,,Día,NO,Despejado,Buena,Sin Semáforo,Motocicleta
1204,124884,2021-02-08,08:34:00,Urbana,Avenida,Cazadores Correntinos,3425,Castelli,-2.748.723,-5.881.090,1.0,1,0.0,1,1.0,,2,Asfalto,Apto,Seca,Día,NO,Despejado,Buena,,Transporte de carga
1205,124884,2021-02-08,08:34:00,Urbana,Avenida,Cazadores Correntinos,3425,Castelli,-2.748.723,-5.881.090,1.0,1,0.0,1,1.0,,2,Asfalto,Apto,Seca,Día,NO,Despejado,Buena,,Peatón
1206,118279,2021-02-06,10:40:00,Urbana,Avenida,AV ARMENIA,4200,Y LOS TILOS,-2.746.918,-5.880.037,2.0,0,0.0,2,0.0,,2,Asfalto,Apto,Seca,Día,,Despejado,Buena,Sin Semáforo,Camioneta/Utilitario
1207,118279,2021-02-06,10:40:00,Urbana,Avenida,AV ARMENIA,4200,Y LOS TILOS,-2.746.918,-5.880.037,2.0,0,0.0,2,0.0,,2,Asfalto,Apto,Seca,Día,,Despejado,Buena,Sin Semáforo,Motocicleta
1208,118282,2021-02-06,03:53:00,Urbana,Calle,IGARZABAL,212,,-2.750.700,-5.883.174,1.0,0,0.0,1,0.0,,1,Tierra,Apto,Seca,Noche,SI,Despejado,Buena,Sin Semáforo,Automóvil
1209,107688,2021-02-05,22:42:00,Urbana,Calle,LAS PIEDRAS,2300,,-2.748.843,-5.880.178,2.0,0,0.0,2,0.0,Alcance,2,Asfalto,Apto,Seca,Noche,SI,Despejado,Buena,Sin Semáforo,Automóvil
1210,107688,2021-02-05,22:42:00,Urbana,Calle,LAS PIEDRAS,2300,,-2.748.843,-5.880.178,2.0,0,0.0,2,0.0,Alcance,2,Asfalto,Apto,Seca,Noche,SI,Despejado,Buena,Sin Semáforo,Automóvil
1211,93583,2021-02-04,12:34:00,Urbana,Calle,MARIO PAYES,2000,Bª MOLINA PUNTA,-2.754.530,-5.879.038,0.0,1,0.0,1,0.0,,1,Ripio,Apto,Despejada,Día,NO,Despejado,Buena,Sin Semáforo,Motocicleta
1212,112232,2021-02-03,11:59:00,Urbana,Calle,GUTNISKY,1800,GARAY,-2.749.769,-5.883.857,0.0,2,0.0,1,1.0,,2,Asfalto,Apto,Despejada,Día,NO,Despejado,Buena,Sin Semáforo,Motocicleta
1213,112232,2021-02-03,11:59:00,Urbana,Calle,GUTNISKY,1800,GARAY,-2.749.769,-5.883.857,0.0,2,0.0,1,1.0,,2,Asfalto,Apto,Despejada,Día,NO,Despejado,Buena,Sin Semáforo,Peatón
1214,94681,2021-02-03,08:44:00,Urbana,Calle,CORDOBA,1300,BELGRANO,-2.747.227,-5.883.495,2.0,0,0.0,2,0.0,Alcance,2,Hormigón,Apto,Mojada,Día,NO,Despejado,Buena,Sin Semáforo,Automóvil
1215,94681,2021-02-03,08:44:00,Urbana,Calle,CORDOBA,1300,BELGRANO,-2.747.227,-5.883.495,2.0,0,0.0,2,0.0,Alcance,2,Hormigón,Apto,Mojada,Día,NO,Despejado,Buena,Sin Semáforo,Automóvil
1216,107992,2021-01-31,13:05:00,Urbana,Calle,SANCHEZ DE BUSTAMANTE,1400,AGUSTIN MAZA,-2.748.101,-5.878.769,2.0,0,0.0,2,0.0,,2,Tierra,Apto,Seca,Día,,Despejado,Buena,Sin Semáforo,Camioneta/Utilitario
1217,107992,2021-01-31,13:05:00,Urbana,Calle,SANCHEZ DE BUSTAMANTE,1400,AGUSTIN MAZA,-2.748.101,-5.878.769,2.0,0,0.0,2,0.0,,2,Tierra,Apto,Seca,Día,,Despejado,Buena,Sin Semáforo,Camioneta/Utilitario
1218,114267,2021-01-30,18:30:00,Urbana,Calle,Tacuarí,1700,Lavalle,-2.748.142,-5.880.661,1.0,1,0.0,2,0.0,Lateral,2,Hormigón,Apto,"Despejada, Seca",Día,SI,Despejado,Buena,Sin Semáforo,Automóvil
1219,114267,2021-01-30,18:30:00,Urbana,Calle,Tacuarí,1700,Lavalle,-2.748.142,-5.880.661,1.0,1,0.0,2,0.0,Lateral,2,Hormigón,Apto,"Despejada, Seca",Día,SI,Despejado,Buena,Sin Semáforo,Motocicleta
1220,108913,2021-01-28,10:10:00,Urbana,Calle,V. GOMEZ,2100,LA MADRID,-2.748.217,-5.883.465,2.0,1,0.0,2,0.0,,2,Hormigón,Apto,Seca,Día,NO,Despejado,Buena,Sin Semáforo,Motocicleta
1221,108913,2021-01-28,10:10:00,Urbana,Calle,V. GOMEZ,2100,LA MADRID,-2.748.217,-5.883.465,2.0,1,0.0,2,0.0,,2,Hormigón,Apto,Seca,Día,NO,Despejado,Buena,Sin Semáforo,Automóvil
1222,111127,2021-01-27,14:00:00,Urbana,Avenida,AV LIBERTAD,5800,LAS VIOLETAS,-2.746.288,-5.877.484,1.0,1,0.0,1,1.0,,2,Asfalto,Apto,Seca,Día,NO,Despejado,Buena,Sin Semáforo,Automóvil
1223,111127,2021-01-27,14:00:00,Urbana,Avenida,AV LIBERTAD,5800,LAS VIOLETAS,-2.746.288,-5.877.484,1.0,1,0.0,1,1.0,,2,Asfalto,Apto,Seca,Día,NO,Despejado,Buena,Sin Semáforo,Peatón
1224,93585,2021-01-25,20:30:00,Urbana,Avenida,AV FERRE,2000,URUGUAY,-2.747.687,-5.882.630,3.0,0,0.0,3,0.0,,3,Asfalto,Apto,Seca,Noche,SI,Despejado,Buena,Funciona,Automóvil
1225,93585,2021-01-25,20:30:00,Urbana,Avenida,AV FERRE,2000,URUGUAY,-2.747.687,-5.882.630,3.0,0,0.0,3,0.0,,3,Asfalto,Apto,Seca,Noche,SI,Despejado,Buena,Funciona,Automóvil
1226,93585,2021-01-25,20:30:00,Urbana,Avenida,AV FERRE,2000,URUGUAY,-2.747.687,-5.882.630,3.0,0,0.0,3,0.0,,3,Asfalto,Apto,Seca,Noche,SI,Despejado,Buena,Funciona,Automóvil
1227,98275,2021-01-24,15:35:00,Urbana,Avenida,AV.C. CORRENTINOS,2200,LAS PIEDRAS,-2.748.723,-5.880.141,6.0,2,0.0,2,0.0,,2,Hormigón,Apto,Seca,Día,NO,Despejado,Buena,Funciona,Motocicleta
1228,98275,2021-01-24,15:35:00,Urbana,Avenida,AV.C. CORRENTINOS,2200,LAS PIEDRAS,-2.748.723,-5.880.141,6.0,2,0.0,2,0.0,,2,Hormigón,Apto,Seca,Día,NO,Despejado,Buena,Funciona,Camioneta/Utilitario
1229,105561,2021-01-23,09:00:00,Urbana,Avenida,AV LIBERTAD,5300,MADERO,-2.746.544,-5.878.515,2.0,1,0.0,3,0.0,Alcance,3,Hormigón,Apto,Seca,Día,NO,Despejado,Buena,Sin Semáforo,Automóvil
1230,105561,2021-01-23,09:00:00,Urbana,Avenida,AV LIBERTAD,5300,MADERO,-2.746.544,-5.878.515,2.0,1,0.0,3,0.0,Alcance,3,Hormigón,Apto,Seca,Día,NO,Despejado,Buena,Sin Semáforo,Camioneta/Utilitario
1231,105561,2021-01-23,09:00:00,Urbana,Avenida,AV LIBERTAD,5300,MADERO,-2.746.544,-5.878.515,2.0,1,0.0,3,0.0,Alcance,3,Hormigón,Apto,Seca,Día,NO,Despejado,Buena,Sin Semáforo,Motocicleta
1232,125022,2021-01-22,09:45:00,Urbana,Calle,SAN MARTIN,1100,MENDOZA,,,2.0,0,0.0,2,0.0,,2,Asfalto,Apto,Seca,Día,NO,Despejado,Buena,,Automóvil
1233,125022,2021-01-22,09:45:00,Urbana,Calle,SAN MARTIN,1100,MENDOZA,,,2.0,0,0.0,2,0.0,,2,Asfalto,Apto,Seca,Día,NO,Despejado,Buena,,Motocicleta
1234,98235,2021-01-22,01:50:00,Urbana,Ruta Provincial,RUTA PROVINCIAL Nª 5,2 1/2,DR GABRE,-2.748.996,-5.875.750,0.0,1,0.0,1,0.0,,1,Asfalto,Apto,Seca,Noche,SI,Despejado,Buena,Sin Semáforo,Motocicleta
1235,105567,2021-01-19,20:15:00,Urbana,Avenida,AV TTE IBAÑEZ,1300,LISANDRO SEGOVIA,-2.748.551,-5.883.644,0.0,2,0.0,2,0.0,,2,Asfalto,Apto,Seca,Noche,SI,Despejado,Buena,Sin Semáforo,Motocicleta
1236,105567,2021-01-19,20:15:00,Urbana,Avenida,AV TTE IBAÑEZ,1300,LISANDRO SEGOVIA,-2.748.551,-5.883.644,0.0,2,0.0,2,0.0,,2,Asfalto,Apto,Seca,Noche,SI,Despejado,Buena,Sin Semáforo,Motocicleta
1237,95904,2021-01-19,15:50:00,Urbana,Ruta Provincial,5,"4,5",,-2.749.197,-5.874.677,2.0,2,0.0,2,0.0,,2,Asfalto,Apto,Seca,Día,NO,Despejado,Buena,Sin Semáforo,Automóvil
1238,95904,2021-01-19,15:50:00,Urbana,Ruta Provincial,5,"4,5",,-2.749.197,-5.874.677,2.0,2,0.0,2,0.0,,2,Asfalto,Apto,Seca,Día,NO,Despejado,Buena,Sin Semáforo,Camioneta/Utilitario
1239,96788,2021-01-18,09:20:00,Urbana,Calle,LAS PIEDRAS,1700,LA VALLE,-2.748.282,-5.880.061,2.0,0,0.0,2,0.0,,2,Hormigón,Apto,,Día,NO,Despejado,Buena,Sin Semáforo,Automóvil
1240,96788,2021-01-18,09:20:00,Urbana,Calle,LAS PIEDRAS,1700,LA VALLE,-2.748.282,-5.880.061,2.0,0,0.0,2,0.0,,2,Hormigón,Apto,,Día,NO,Despejado,Buena,Sin Semáforo,Motocicleta
1241,100017,2021-01-17,09:55:00,Urbana,Avenida,ARTIGAS,1100,ESTADO DE ISRAEL,-2.747.275,-5.881.889,2.0,1,0.0,2,0.0,Angulo,2,Asfalto,Apto,Seca,Día,NO,Despejado,Buena,Sin Semáforo,Automóvil
1242,100017,2021-01-17,09:55:00,Urbana,Avenida,ARTIGAS,1100,ESTADO DE ISRAEL,-2.747.275,-5.881.889,2.0,1,0.0,2,0.0,Angulo,2,Asfalto,Apto,Seca,Día,NO,Despejado,Buena,Sin Semáforo,Motocicleta
1243,113322,2021-01-17,13:05:00,Urbana,Calle,CARTAGENA,3012,INGLATERRA,,,1.0,2,0.0,2,0.0,,2,Hormigón,Apto,Seca,Día,NO,Despejado,Buena,Sin Semáforo,Automóvil
1244,113322,2021-01-17,13:05:00,Urbana,Calle,CARTAGENA,3012,INGLATERRA,,,1.0,2,0.0,2,0.0,,2,Hormigón,Apto,Seca,Día,NO,Despejado,Buena,Sin Semáforo,Motocicleta
1245,121582,2021-01-15,02:30:00,Urbana,Avenida,AV. NICOLAS AVELLANEDA,,LAS PIEDRAS,,,2.0,1,0.0,2,0.0,Angulo,2,Asfalto,Apto,,Noche,SI,Nublado,Buena,Intermitente,Automóvil
1246,121582,2021-01-15,02:30:00,Urbana,Avenida,AV. NICOLAS AVELLANEDA,,LAS PIEDRAS,,,2.0,1,0.0,2,0.0,Angulo,2,Asfalto,Apto,,Noche,SI,Nublado,Buena,Intermitente,Motocicleta
1247,129573,2021-01-14,11:37:00,Urbana,Calle,AV.INDEPENDENCIA,5700,,-2.748.402,-5.878.406,0.0,1,0.0,1,0.0,,1,Asfalto,Apto,Seca,Día,NO,Despejado,Buena,,Motocicleta
1248,108420,2021-01-14,07:30:00,Urbana,Ruta Nacional,12,6500,RIO CHICO,,,1.0,1,0.0,2,0.0,Angulo,2,Asfalto,Apto,Seca,Día,NO,Despejado,Buena,Sin Semáforo,Motocicleta
1249,108420,2021-01-14,07:30:00,Urbana,Ruta Nacional,12,6500,RIO CHICO,,,1.0,1,0.0,2,0.0,Angulo,2,Asfalto,Apto,Seca,Día,NO,Despejado,Buena,Sin Semáforo,Motocicleta
1250,95186,2021-01-12,17:30:00,Urbana,Avenida,AV MEDRANO,4300,LORETO,-2.750.593,-5.879.769,2.0,1,0.0,2,0.0,,2,Hormigón,Apto,"Despejada, Seca",Día,NO,Despejado,Buena,Sin Semáforo,Motocicleta
1251,95186,2021-01-12,17:30:00,Urbana,Avenida,AV MEDRANO,4300,LORETO,-2.750.593,-5.879.769,2.0,1,0.0,2,0.0,,2,Hormigón,Apto,"Despejada, Seca",Día,NO,Despejado,Buena,Sin Semáforo,Automóvil
1252,124204,2021-01-10,20:35:00,Urbana,Avenida,AV. FERRE,2200,ROCA,,,2.0,0,0.0,2,0.0,Alcance,2,Hormigón,Apto,Seca,Noche,SI,Despejado,Buena,Funciona,Automóvil
1253,124204,2021-01-10,20:35:00,Urbana,Avenida,AV. FERRE,2200,ROCA,,,2.0,0,0.0,2,0.0,Alcance,2,Hormigón,Apto,Seca,Noche,SI,Despejado,Buena,Funciona,Camioneta/Utilitario
1254,132601,2021-01-09,08:40:00,Urbana,Avenida,AV. INDEPENDENCIA,4200,,,,1.0,1,0.0,2,0.0,,2,Asfalto,Apto,Seca,Día,NO,Despejado,Buena,Funciona,Motocicleta
1255,132601,2021-01-09,08:40:00,Urbana,Avenida,AV. INDEPENDENCIA,4200,,,,1.0,1,0.0,2,0.0,,2,Asfalto,Apto,Seca,Día,NO,Despejado,Buena,Funciona,Camioneta/Utilitario
1256,108416,2021-01-07,21:36:00,Urbana,Calle,SAN MARTIN,1200,ESPAÑA,,,1.0,2,0.0,2,0.0,,2,Hormigón,Apto,Seca,Noche,NO,Lluvia,Lluvia,Sin Semáforo,Transporte de pasajeros
1257,108416,2021-01-07,21:36:00,Urbana,Calle,SAN MARTIN,1200,ESPAÑA,,,1.0,2,0.0,2,0.0,,2,Hormigón,Apto,Seca,Noche,NO,Lluvia,Lluvia,Sin Semáforo,Motocicleta
1258,105919,2021-01-04,11:00:00,Urbana,Calle,GENERAL PAZ,37,,-2.747.608,-5.885.330,1.0,0,0.0,1,0.0,,1,Asfalto,Apto,Seca,Día,NO,Despejado,Buena,Sin Semáforo,Automóvil
1259,108880,2021-01-02,22:00:00,Urbana,Avenida,AV.ARMENIA,4790,,-2.746.691,-5.879.038,2.0,0,0.0,2,0.0,Angulo,2,Asfalto,Apto,Seca,Noche,NO,Despejado,Buena,Funciona,Automóvil
1260,108880,2021-01-02,22:00:00,Urbana,Avenida,AV.ARMENIA,4790,,-2.746.691,-5.879.038,2.0,0,0.0,2,0.0,Angulo,2,Asfalto,Apto,Seca,Noche,NO,Despejado,Buena,Funciona,Automóvil
1261,119957,2021-01-01,10:50:00,Urbana,Avenida,AV. FERRE,2300,ROCA,,,2.0,0,0.0,2,0.0,,2,Asfalto,Apto,Seca,Día,NO,Despejado,Buena,Funciona,Motocicleta
1262,119957,2021-01-01,10:50:00,Urbana,Avenida,AV. FERRE,2300,ROCA,,,2.0,0,0.0,2,0.0,,2,Asfalto,Apto,Seca,Día,NO,Despejado,Buena,Funciona,Motocicleta